,Euclidean Distance,Rep,Media,Passage,Treatment,Complexity
0,0.24041935,0,Laminarin Mono,1,COMM10<PJ,0
1,0.24643368,0,Laminarin Mono,1,COMM10<PJ,0
2,0.192775729,0,Laminarin Mono,1,COMM10<PJ,0
3,0.138274261,1,Laminarin Mono,1,COMM10<PJ,0
4,0.133285812,1,Laminarin Mono,1,COMM10<PJ,0
5,0.09882759,1,Laminarin Mono,1,COMM10<PJ,0
6,0.14068522,2,Laminarin Mono,1,COMM10<PJ,0
7,0.132842265,2,Laminarin Mono,1,COMM10<PJ,0
8,0.125894943,2,Laminarin Mono,1,COMM10<PJ,0
9,0.541873409,0,Laminarin Mono,1,COMM10<BT,0
10,0.55721147,0,Laminarin Mono,1,COMM10<BT,0
11,0.511614556,0,Laminarin Mono,1,COMM10<BT,0
12,0.541873035,1,Laminarin Mono,1,COMM10<BT,0
13,0.557175186,1,Laminarin Mono,1,COMM10<BT,0
14,0.511546887,1,Laminarin Mono,1,COMM10<BT,0
15,0.533537048,2,Laminarin Mono,1,COMM10<BT,0
16,0.548923726,2,Laminarin Mono,1,COMM10<BT,0
17,0.503736491,2,Laminarin Mono,1,COMM10<BT,0
18,0.440241843,0,Laminarin Mono,1,COMM10<BV,0
19,0.448492908,0,Laminarin Mono,1,COMM10<BV,0
20,0.427349347,0,Laminarin Mono,1,COMM10<BV,0
21,0.384286234,1,Laminarin Mono,1,COMM10<BV,0
22,0.392087055,1,Laminarin Mono,1,COMM10<BV,0
23,0.375216693,1,Laminarin Mono,1,COMM10<BV,0
24,0.391998661,2,Laminarin Mono,1,COMM10<BV,0
25,0.399981676,2,Laminarin Mono,1,COMM10<BV,0
26,0.385063259,2,Laminarin Mono,1,COMM10<BV,0
27,0.103877865,0,Laminarin Mono,1,COMM10<DP,0
28,0.109453159,0,Laminarin Mono,1,COMM10<DP,0
29,0.190651552,0,Laminarin Mono,1,COMM10<DP,0
30,0.077624896,1,Laminarin Mono,1,COMM10<DP,0
31,0.091548083,1,Laminarin Mono,1,COMM10<DP,0
32,0.167192343,1,Laminarin Mono,1,COMM10<DP,0
33,0.080056574,2,Laminarin Mono,1,COMM10<DP,0
34,0.09377532,2,Laminarin Mono,1,COMM10<DP,0
35,0.170563772,2,Laminarin Mono,1,COMM10<DP,0
36,0.128534779,0,Laminarin Mono,1,COMM10<BP,0
37,0.14805415,0,Laminarin Mono,1,COMM10<BP,0
38,0.144069183,0,Laminarin Mono,1,COMM10<BP,0
39,0.130864247,1,Laminarin Mono,1,COMM10<BP,0
40,0.148510143,1,Laminarin Mono,1,COMM10<BP,0
41,0.138583145,1,Laminarin Mono,1,COMM10<BP,0
42,0.104642137,2,Laminarin Mono,1,COMM10<BP,0
43,0.123079363,2,Laminarin Mono,1,COMM10<BP,0
44,0.117406798,2,Laminarin Mono,1,COMM10<BP,0
45,0.147490164,0,Laminarin Mono,1,COMM10<EL,0
46,0.162536689,0,Laminarin Mono,1,COMM10<EL,0
47,0.137567666,0,Laminarin Mono,1,COMM10<EL,0
48,0.158039964,1,Laminarin Mono,1,COMM10<EL,0
49,0.174868034,1,Laminarin Mono,1,COMM10<EL,0
50,0.155221105,1,Laminarin Mono,1,COMM10<EL,0
51,0.085586826,2,Laminarin Mono,1,COMM10<EL,0
52,0.099423694,2,Laminarin Mono,1,COMM10<EL,0
53,0.12135118,2,Laminarin Mono,1,COMM10<EL,0
54,0.068687061,0,Laminarin Mono,1,COMM10<BH,0
55,0.045510579,0,Laminarin Mono,1,COMM10<BH,0
56,0.077562425,0,Laminarin Mono,1,COMM10<BH,0
57,0.095645555,1,Laminarin Mono,1,COMM10<BH,0
58,0.081712388,1,Laminarin Mono,1,COMM10<BH,0
59,0.067247397,1,Laminarin Mono,1,COMM10<BH,0
60,0.141091625,2,Laminarin Mono,1,COMM10<BH,0
61,0.121389504,2,Laminarin Mono,1,COMM10<BH,0
62,0.065180364,2,Laminarin Mono,1,COMM10<BH,0
63,0.13707208,0,Laminarin Mono,1,COMM10<AC,0
64,0.139202636,0,Laminarin Mono,1,COMM10<AC,0
65,0.204206623,0,Laminarin Mono,1,COMM10<AC,0
66,0.124262827,1,Laminarin Mono,1,COMM10<AC,0
67,0.122238076,1,Laminarin Mono,1,COMM10<AC,0
68,0.182117339,1,Laminarin Mono,1,COMM10<AC,0
69,0.175944515,0,Laminarin Mono,1,COMM10<DL,0
70,0.176123619,0,Laminarin Mono,1,COMM10<DL,0
71,0.170688046,0,Laminarin Mono,1,COMM10<DL,0
72,0.052508216,1,Laminarin Mono,1,COMM10<DL,0
73,0.039313696,1,Laminarin Mono,1,COMM10<DL,0
74,0.080385006,1,Laminarin Mono,1,COMM10<DL,0
75,0.11268859,2,Laminarin Mono,1,COMM10<DL,0
76,0.099441619,2,Laminarin Mono,1,COMM10<DL,0
77,0.171303847,2,Laminarin Mono,1,COMM10<DL,0
78,0.171164416,0,Inulin Mono,1,COMM10<PJ,0.08
79,0.21227939,0,Inulin Mono,1,COMM10<PJ,0.08
80,0.191874735,0,Inulin Mono,1,COMM10<PJ,0.08
81,0.094751777,1,Inulin Mono,1,COMM10<PJ,0.08
82,0.121308998,1,Inulin Mono,1,COMM10<PJ,0.08
83,0.089710509,1,Inulin Mono,1,COMM10<PJ,0.08
84,0.150648992,2,Inulin Mono,1,COMM10<PJ,0.08
85,0.219748277,2,Inulin Mono,1,COMM10<PJ,0.08
86,0.188888433,2,Inulin Mono,1,COMM10<PJ,0.08
87,0.567045273,0,Inulin Mono,1,COMM10<BT,0.08
88,0.537882437,0,Inulin Mono,1,COMM10<BT,0.08
89,0.558795012,0,Inulin Mono,1,COMM10<BT,0.08
90,0.511384889,1,Inulin Mono,1,COMM10<BT,0.08
91,0.465107108,1,Inulin Mono,1,COMM10<BT,0.08
92,0.495918292,1,Inulin Mono,1,COMM10<BT,0.08
93,0.474984152,2,Inulin Mono,1,COMM10<BT,0.08
94,0.432405169,2,Inulin Mono,1,COMM10<BT,0.08
95,0.46081813,2,Inulin Mono,1,COMM10<BT,0.08
96,0.432934601,0,Inulin Mono,1,COMM10<BV,0.08
97,0.434712104,0,Inulin Mono,1,COMM10<BV,0.08
98,0.433048779,0,Inulin Mono,1,COMM10<BV,0.08
99,0.316794653,1,Inulin Mono,1,COMM10<BV,0.08
100,0.267510429,1,Inulin Mono,1,COMM10<BV,0.08
101,0.295475138,1,Inulin Mono,1,COMM10<BV,0.08
102,0.306151686,2,Inulin Mono,1,COMM10<BV,0.08
103,0.255689135,2,Inulin Mono,1,COMM10<BV,0.08
104,0.284688333,2,Inulin Mono,1,COMM10<BV,0.08
105,0.169820053,0,Inulin Mono,1,COMM10<DP,0.08
106,0.208425782,0,Inulin Mono,1,COMM10<DP,0.08
107,0.174682051,0,Inulin Mono,1,COMM10<DP,0.08
108,0.145092106,1,Inulin Mono,1,COMM10<DP,0.08
109,0.188593967,1,Inulin Mono,1,COMM10<DP,0.08
110,0.155541431,1,Inulin Mono,1,COMM10<DP,0.08
111,0.064250582,2,Inulin Mono,1,COMM10<DP,0.08
112,0.077914283,2,Inulin Mono,1,COMM10<DP,0.08
113,0.043802362,2,Inulin Mono,1,COMM10<DP,0.08
114,0.089151486,0,Inulin Mono,1,COMM10<BP,0.08
115,0.078045304,0,Inulin Mono,1,COMM10<BP,0.08
116,0.075330446,0,Inulin Mono,1,COMM10<BP,0.08
117,0.13249317,1,Inulin Mono,1,COMM10<BP,0.08
118,0.171802378,1,Inulin Mono,1,COMM10<BP,0.08
119,0.147004583,1,Inulin Mono,1,COMM10<BP,0.08
120,0.097172856,2,Inulin Mono,1,COMM10<BP,0.08
121,0.09962013,2,Inulin Mono,1,COMM10<BP,0.08
122,0.102769486,2,Inulin Mono,1,COMM10<BP,0.08
123,0.135039233,0,Inulin Mono,1,COMM10<EL,0.08
124,0.179780887,0,Inulin Mono,1,COMM10<EL,0.08
125,0.150825784,0,Inulin Mono,1,COMM10<EL,0.08
126,0.14337207,1,Inulin Mono,1,COMM10<EL,0.08
127,0.147038423,1,Inulin Mono,1,COMM10<EL,0.08
128,0.134237942,1,Inulin Mono,1,COMM10<EL,0.08
129,0.197908321,2,Inulin Mono,1,COMM10<EL,0.08
130,0.227693482,2,Inulin Mono,1,COMM10<EL,0.08
131,0.204639201,2,Inulin Mono,1,COMM10<EL,0.08
132,0.056181139,0,Inulin Mono,1,COMM10<BH,0.08
133,0.124752816,0,Inulin Mono,1,COMM10<BH,0.08
134,0.100294819,0,Inulin Mono,1,COMM10<BH,0.08
135,0.106392324,1,Inulin Mono,1,COMM10<BH,0.08
136,0.167264496,1,Inulin Mono,1,COMM10<BH,0.08
137,0.144448473,1,Inulin Mono,1,COMM10<BH,0.08
138,0.105470903,2,Inulin Mono,1,COMM10<BH,0.08
139,0.131122424,2,Inulin Mono,1,COMM10<BH,0.08
140,0.140637394,2,Inulin Mono,1,COMM10<BH,0.08
141,0.256533139,0,Inulin Mono,1,COMM10<AC,0.08
142,0.296572398,0,Inulin Mono,1,COMM10<AC,0.08
143,0.258452571,0,Inulin Mono,1,COMM10<AC,0.08
144,0.266733863,1,Inulin Mono,1,COMM10<AC,0.08
145,0.309937403,1,Inulin Mono,1,COMM10<AC,0.08
146,0.272361392,1,Inulin Mono,1,COMM10<AC,0.08
147,0.269738777,2,Inulin Mono,1,COMM10<AC,0.08
148,0.311101483,2,Inulin Mono,1,COMM10<AC,0.08
149,0.27348742,2,Inulin Mono,1,COMM10<AC,0.08
150,0.486483105,0,Inulin Mono,1,COMM10<DL,0.08
151,0.427180113,0,Inulin Mono,1,COMM10<DL,0.08
152,0.462120897,0,Inulin Mono,1,COMM10<DL,0.08
153,0.815367744,1,Inulin Mono,1,COMM10<DL,0.08
154,0.758155573,1,Inulin Mono,1,COMM10<DL,0.08
155,0.791343742,1,Inulin Mono,1,COMM10<DL,0.08
156,0.765434664,2,Inulin Mono,1,COMM10<DL,0.08
157,0.7089035,2,Inulin Mono,1,COMM10<DL,0.08
158,0.741806862,2,Inulin Mono,1,COMM10<DL,0.08
159,0.055112918,0,Inulin,1,COMM10<PJ,0.16
160,0.045792645,0,Inulin,1,COMM10<PJ,0.16
161,0.020480165,0,Inulin,1,COMM10<PJ,0.16
162,0.107904324,1,Inulin,1,COMM10<PJ,0.16
163,0.107780367,1,Inulin,1,COMM10<PJ,0.16
164,0.080299399,1,Inulin,1,COMM10<PJ,0.16
165,0.138686165,0,Inulin,1,COMM10<BT,0.16
166,0.13598409,0,Inulin,1,COMM10<BT,0.16
167,0.1048717,0,Inulin,1,COMM10<BT,0.16
168,0.108949383,1,Inulin,1,COMM10<BT,0.16
169,0.106941335,1,Inulin,1,COMM10<BT,0.16
170,0.073757235,1,Inulin,1,COMM10<BT,0.16
171,0.108456009,2,Inulin,1,COMM10<BT,0.16
172,0.103455722,2,Inulin,1,COMM10<BT,0.16
173,0.071982009,2,Inulin,1,COMM10<BT,0.16
174,0.363219762,0,Inulin,1,COMM10<BV,0.16
175,0.371475296,0,Inulin,1,COMM10<BV,0.16
176,0.390757193,0,Inulin,1,COMM10<BV,0.16
177,0.244439307,1,Inulin,1,COMM10<BV,0.16
178,0.25077273,1,Inulin,1,COMM10<BV,0.16
179,0.272224771,1,Inulin,1,COMM10<BV,0.16
180,0.263420606,2,Inulin,1,COMM10<BV,0.16
181,0.268348795,2,Inulin,1,COMM10<BV,0.16
182,0.293560333,2,Inulin,1,COMM10<BV,0.16
183,0.11123616,0,Inulin,1,COMM10<DP,0.16
184,0.097505779,0,Inulin,1,COMM10<DP,0.16
185,0.099005534,0,Inulin,1,COMM10<DP,0.16
186,0.106166659,1,Inulin,1,COMM10<DP,0.16
187,0.090765306,1,Inulin,1,COMM10<DP,0.16
188,0.108474125,1,Inulin,1,COMM10<DP,0.16
189,0.099587526,2,Inulin,1,COMM10<DP,0.16
190,0.083955585,2,Inulin,1,COMM10<DP,0.16
191,0.104727779,2,Inulin,1,COMM10<DP,0.16
192,0.17111813,0,Inulin,1,COMM10<BP,0.16
193,0.168403002,0,Inulin,1,COMM10<BP,0.16
194,0.136041279,0,Inulin,1,COMM10<BP,0.16
195,0.147154855,1,Inulin,1,COMM10<BP,0.16
196,0.142256926,1,Inulin,1,COMM10<BP,0.16
197,0.110204975,1,Inulin,1,COMM10<BP,0.16
198,0.160796375,2,Inulin,1,COMM10<BP,0.16
199,0.156439356,2,Inulin,1,COMM10<BP,0.16
200,0.124011083,2,Inulin,1,COMM10<BP,0.16
201,0.094754137,0,Inulin,1,COMM10<EL,0.16
202,0.078940598,0,Inulin,1,COMM10<EL,0.16
203,0.093909324,0,Inulin,1,COMM10<EL,0.16
204,0.086519424,1,Inulin,1,COMM10<EL,0.16
205,0.071899921,1,Inulin,1,COMM10<EL,0.16
206,0.047901545,1,Inulin,1,COMM10<EL,0.16
207,0.074987923,2,Inulin,1,COMM10<EL,0.16
208,0.046958285,2,Inulin,1,COMM10<EL,0.16
209,0.052797163,2,Inulin,1,COMM10<EL,0.16
210,0.050722164,0,Inulin,1,COMM10<BH,0.16
211,0.038004772,0,Inulin,1,COMM10<BH,0.16
212,0.025557309,0,Inulin,1,COMM10<BH,0.16
213,0.080232223,1,Inulin,1,COMM10<BH,0.16
214,0.088836826,1,Inulin,1,COMM10<BH,0.16
215,0.061020542,1,Inulin,1,COMM10<BH,0.16
216,0.054179684,2,Inulin,1,COMM10<BH,0.16
217,0.078105338,2,Inulin,1,COMM10<BH,0.16
218,0.076765371,2,Inulin,1,COMM10<BH,0.16
219,0.474874656,0,Inulin,1,COMM10<AC,0.16
220,0.483800847,0,Inulin,1,COMM10<AC,0.16
221,0.497404511,0,Inulin,1,COMM10<AC,0.16
222,0.284128689,1,Inulin,1,COMM10<AC,0.16
223,0.290536018,1,Inulin,1,COMM10<AC,0.16
224,0.309216249,1,Inulin,1,COMM10<AC,0.16
225,0.107394895,2,Inulin,1,COMM10<AC,0.16
226,0.102743391,2,Inulin,1,COMM10<AC,0.16
227,0.133376907,2,Inulin,1,COMM10<AC,0.16
228,0.07189576,0,Inulin,1,COMM10<DL,0.16
229,0.079937769,0,Inulin,1,COMM10<DL,0.16
230,0.072714221,0,Inulin,1,COMM10<DL,0.16
231,0.05920947,1,Inulin,1,COMM10<DL,0.16
232,0.067883071,1,Inulin,1,COMM10<DL,0.16
233,0.063356613,1,Inulin,1,COMM10<DL,0.16
234,0.07615456,2,Inulin,1,COMM10<DL,0.16
235,0.082494677,2,Inulin,1,COMM10<DL,0.16
236,0.064502917,2,Inulin,1,COMM10<DL,0.16
237,0.058137557,0,Xylan Mono,1,COMM10<PJ,0.203
238,0.063759243,0,Xylan Mono,1,COMM10<PJ,0.203
239,0.091947015,0,Xylan Mono,1,COMM10<PJ,0.203
240,0.057319742,1,Xylan Mono,1,COMM10<PJ,0.203
241,0.045554387,1,Xylan Mono,1,COMM10<PJ,0.203
242,0.063389144,1,Xylan Mono,1,COMM10<PJ,0.203
243,0.198918813,0,Xylan Mono,1,COMM10<BT,0.203
244,0.186453241,0,Xylan Mono,1,COMM10<BT,0.203
245,0.130811073,0,Xylan Mono,1,COMM10<BT,0.203
246,0.239059761,1,Xylan Mono,1,COMM10<BT,0.203
247,0.228316599,1,Xylan Mono,1,COMM10<BT,0.203
248,0.170192067,1,Xylan Mono,1,COMM10<BT,0.203
249,0.221914197,2,Xylan Mono,1,COMM10<BT,0.203
250,0.211349054,2,Xylan Mono,1,COMM10<BT,0.203
251,0.153720981,2,Xylan Mono,1,COMM10<BT,0.203
252,0.807346183,0,Xylan Mono,1,COMM10<BV,0.203
253,0.825318062,0,Xylan Mono,1,COMM10<BV,0.203
254,0.867385123,0,Xylan Mono,1,COMM10<BV,0.203
255,0.540466068,1,Xylan Mono,1,COMM10<BV,0.203
256,0.557649557,1,Xylan Mono,1,COMM10<BV,0.203
257,0.603719804,1,Xylan Mono,1,COMM10<BV,0.203
258,0.402836251,2,Xylan Mono,1,COMM10<BV,0.203
259,0.418198534,2,Xylan Mono,1,COMM10<BV,0.203
260,0.469852547,2,Xylan Mono,1,COMM10<BV,0.203
261,0.135896778,0,Xylan Mono,1,COMM10<DP,0.203
262,0.1450878,0,Xylan Mono,1,COMM10<DP,0.203
263,0.138241763,0,Xylan Mono,1,COMM10<DP,0.203
264,0.121298227,1,Xylan Mono,1,COMM10<DP,0.203
265,0.109140285,1,Xylan Mono,1,COMM10<DP,0.203
266,0.119893952,1,Xylan Mono,1,COMM10<DP,0.203
267,0.129986112,2,Xylan Mono,1,COMM10<DP,0.203
268,0.117064731,2,Xylan Mono,1,COMM10<DP,0.203
269,0.104830853,2,Xylan Mono,1,COMM10<DP,0.203
270,0.078622533,0,Xylan Mono,1,COMM10<BP,0.203
271,0.061816867,0,Xylan Mono,1,COMM10<BP,0.203
272,0.054068205,0,Xylan Mono,1,COMM10<BP,0.203
273,0.080780748,1,Xylan Mono,1,COMM10<BP,0.203
274,0.066043197,1,Xylan Mono,1,COMM10<BP,0.203
275,0.045639668,1,Xylan Mono,1,COMM10<BP,0.203
276,0.076992244,2,Xylan Mono,1,COMM10<BP,0.203
277,0.064521796,2,Xylan Mono,1,COMM10<BP,0.203
278,0.040835503,2,Xylan Mono,1,COMM10<BP,0.203
279,0.075746259,0,Xylan Mono,1,COMM10<BH,0.203
280,0.057809127,0,Xylan Mono,1,COMM10<BH,0.203
281,0.06822344,0,Xylan Mono,1,COMM10<BH,0.203
282,0.068326478,1,Xylan Mono,1,COMM10<BH,0.203
283,0.053405353,1,Xylan Mono,1,COMM10<BH,0.203
284,0.049960904,1,Xylan Mono,1,COMM10<BH,0.203
285,0.057729754,2,Xylan Mono,1,COMM10<BH,0.203
286,0.044387003,2,Xylan Mono,1,COMM10<BH,0.203
287,0.074350205,2,Xylan Mono,1,COMM10<BH,0.203
288,0.052895365,0,Xylan Mono,1,COMM10<AC,0.203
289,0.063283255,0,Xylan Mono,1,COMM10<AC,0.203
290,0.078585622,0,Xylan Mono,1,COMM10<AC,0.203
291,0.112738336,1,Xylan Mono,1,COMM10<AC,0.203
292,0.100092262,1,Xylan Mono,1,COMM10<AC,0.203
293,0.062099702,1,Xylan Mono,1,COMM10<AC,0.203
294,0.108463688,2,Xylan Mono,1,COMM10<AC,0.203
295,0.101958409,2,Xylan Mono,1,COMM10<AC,0.203
296,0.055665778,2,Xylan Mono,1,COMM10<AC,0.203
297,0.194276236,0,Xylan Mono,1,COMM10<DL,0.203
298,0.198492782,0,Xylan Mono,1,COMM10<DL,0.203
299,0.250031524,0,Xylan Mono,1,COMM10<DL,0.203
300,0.165333097,1,Xylan Mono,1,COMM10<DL,0.203
301,0.170168493,1,Xylan Mono,1,COMM10<DL,0.203
302,0.219090605,1,Xylan Mono,1,COMM10<DL,0.203
303,0.144998901,2,Xylan Mono,1,COMM10<DL,0.203
304,0.148675586,2,Xylan Mono,1,COMM10<DL,0.203
305,0.191566371,2,Xylan Mono,1,COMM10<DL,0.203
306,0.114046423,0,Laminarin,1,COMM10<PJ,0.226
307,0.153966416,0,Laminarin,1,COMM10<PJ,0.226
308,0.180005743,0,Laminarin,1,COMM10<PJ,0.226
309,0.187523616,1,Laminarin,1,COMM10<PJ,0.226
310,0.230653179,1,Laminarin,1,COMM10<PJ,0.226
311,0.256808855,1,Laminarin,1,COMM10<PJ,0.226
312,0.159652827,2,Laminarin,1,COMM10<PJ,0.226
313,0.207166479,2,Laminarin,1,COMM10<PJ,0.226
314,0.224628433,2,Laminarin,1,COMM10<PJ,0.226
315,0.109996403,0,Laminarin,1,COMM10<BT,0.226
316,0.1155512,0,Laminarin,1,COMM10<BT,0.226
317,0.137749601,0,Laminarin,1,COMM10<BT,0.226
318,0.114180019,1,Laminarin,1,COMM10<BT,0.226
319,0.097396826,1,Laminarin,1,COMM10<BT,0.226
320,0.121426053,1,Laminarin,1,COMM10<BT,0.226
321,0.114359371,2,Laminarin,1,COMM10<BT,0.226
322,0.137258566,2,Laminarin,1,COMM10<BT,0.226
323,0.095877044,2,Laminarin,1,COMM10<BT,0.226
324,0.074949736,0,Laminarin,1,COMM10<BV,0.226
325,0.112515086,0,Laminarin,1,COMM10<BV,0.226
326,0.090286074,0,Laminarin,1,COMM10<BV,0.226
327,0.137100658,1,Laminarin,1,COMM10<BV,0.226
328,0.17483022,1,Laminarin,1,COMM10<BV,0.226
329,0.136661792,1,Laminarin,1,COMM10<BV,0.226
330,0.064146954,2,Laminarin,1,COMM10<BV,0.226
331,0.07759431,2,Laminarin,1,COMM10<BV,0.226
332,0.085856549,2,Laminarin,1,COMM10<BV,0.226
333,0.100927139,0,Laminarin,1,COMM10<DP,0.226
334,0.135418607,0,Laminarin,1,COMM10<DP,0.226
335,0.173570682,0,Laminarin,1,COMM10<DP,0.226
336,0.116553013,1,Laminarin,1,COMM10<DP,0.226
337,0.155893052,1,Laminarin,1,COMM10<DP,0.226
338,0.192737916,1,Laminarin,1,COMM10<DP,0.226
339,0.11495441,2,Laminarin,1,COMM10<DP,0.226
340,0.162424184,2,Laminarin,1,COMM10<DP,0.226
341,0.182522186,2,Laminarin,1,COMM10<DP,0.226
342,0.094094666,0,Laminarin,1,COMM10<BP,0.226
343,0.10658109,0,Laminarin,1,COMM10<BP,0.226
344,0.080867082,0,Laminarin,1,COMM10<BP,0.226
345,0.078882529,1,Laminarin,1,COMM10<BP,0.226
346,0.081561839,1,Laminarin,1,COMM10<BP,0.226
347,0.073284452,1,Laminarin,1,COMM10<BP,0.226
348,0.085964656,2,Laminarin,1,COMM10<BP,0.226
349,0.081675923,2,Laminarin,1,COMM10<BP,0.226
350,0.057870011,2,Laminarin,1,COMM10<BP,0.226
351,0.226586746,0,Laminarin,1,COMM10<EL,0.226
352,0.26827786,0,Laminarin,1,COMM10<EL,0.226
353,0.239781078,0,Laminarin,1,COMM10<EL,0.226
354,0.196554141,1,Laminarin,1,COMM10<EL,0.226
355,0.234919668,1,Laminarin,1,COMM10<EL,0.226
356,0.213591586,1,Laminarin,1,COMM10<EL,0.226
357,0.231911448,2,Laminarin,1,COMM10<EL,0.226
358,0.266879456,2,Laminarin,1,COMM10<EL,0.226
359,0.230725503,2,Laminarin,1,COMM10<EL,0.226
360,0.091233144,0,Laminarin,1,COMM10<BH,0.226
361,0.096906536,0,Laminarin,1,COMM10<BH,0.226
362,0.089837838,0,Laminarin,1,COMM10<BH,0.226
363,0.100240592,1,Laminarin,1,COMM10<BH,0.226
364,0.114792588,1,Laminarin,1,COMM10<BH,0.226
365,0.077802893,1,Laminarin,1,COMM10<BH,0.226
366,0.099593897,2,Laminarin,1,COMM10<BH,0.226
367,0.093029264,2,Laminarin,1,COMM10<BH,0.226
368,0.061090298,2,Laminarin,1,COMM10<BH,0.226
369,0.119309189,0,Laminarin,1,COMM10<AC,0.226
370,0.137440055,0,Laminarin,1,COMM10<AC,0.226
371,0.144369154,0,Laminarin,1,COMM10<AC,0.226
372,0.123494124,1,Laminarin,1,COMM10<AC,0.226
373,0.155894528,1,Laminarin,1,COMM10<AC,0.226
374,0.142254756,1,Laminarin,1,COMM10<AC,0.226
375,0.110339851,2,Laminarin,1,COMM10<AC,0.226
376,0.085141587,2,Laminarin,1,COMM10<AC,0.226
377,0.118158068,2,Laminarin,1,COMM10<AC,0.226
378,0.168214162,0,Laminarin,1,COMM10<DL,0.226
379,0.1275174,0,Laminarin,1,COMM10<DL,0.226
380,0.136724342,0,Laminarin,1,COMM10<DL,0.226
381,0.114841401,1,Laminarin,1,COMM10<DL,0.226
382,0.107582954,1,Laminarin,1,COMM10<DL,0.226
383,0.096799721,1,Laminarin,1,COMM10<DL,0.226
384,0.148257949,2,Laminarin,1,COMM10<DL,0.226
385,0.119953135,2,Laminarin,1,COMM10<DL,0.226
386,0.110239129,2,Laminarin,1,COMM10<DL,0.226
387,0.244770735,0,Xylan,1,COMM10<PJ,0.407
388,0.200351376,0,Xylan,1,COMM10<PJ,0.407
389,0.257653039,0,Xylan,1,COMM10<PJ,0.407
390,0.151193057,1,Xylan,1,COMM10<PJ,0.407
391,0.109346983,1,Xylan,1,COMM10<PJ,0.407
392,0.168322571,1,Xylan,1,COMM10<PJ,0.407
393,0.179279789,2,Xylan,1,COMM10<PJ,0.407
394,0.138989164,2,Xylan,1,COMM10<PJ,0.407
395,0.197014019,2,Xylan,1,COMM10<PJ,0.407
396,0.08745125,0,Xylan,1,COMM10<BT,0.407
397,0.095121108,0,Xylan,1,COMM10<BT,0.407
398,0.121481751,0,Xylan,1,COMM10<BT,0.407
399,0.090044806,1,Xylan,1,COMM10<BT,0.407
400,0.130770458,1,Xylan,1,COMM10<BT,0.407
401,0.119688015,1,Xylan,1,COMM10<BT,0.407
402,0.095279001,2,Xylan,1,COMM10<BT,0.407
403,0.138455801,2,Xylan,1,COMM10<BT,0.407
404,0.117470699,2,Xylan,1,COMM10<BT,0.407
405,0.158040912,0,Xylan,1,COMM10<BV,0.407
406,0.149819725,0,Xylan,1,COMM10<BV,0.407
407,0.1764212,0,Xylan,1,COMM10<BV,0.407
408,0.050094941,1,Xylan,1,COMM10<BV,0.407
409,0.090341764,1,Xylan,1,COMM10<BV,0.407
410,0.073320084,1,Xylan,1,COMM10<BV,0.407
411,0.169222795,2,Xylan,1,COMM10<BV,0.407
412,0.141313167,2,Xylan,1,COMM10<BV,0.407
413,0.182906122,2,Xylan,1,COMM10<BV,0.407
414,0.288585761,0,Xylan,1,COMM10<DP,0.407
415,0.242390107,0,Xylan,1,COMM10<DP,0.407
416,0.299388501,0,Xylan,1,COMM10<DP,0.407
417,0.337056838,1,Xylan,1,COMM10<DP,0.407
418,0.289632583,1,Xylan,1,COMM10<DP,0.407
419,0.343916619,1,Xylan,1,COMM10<DP,0.407
420,0.313683208,2,Xylan,1,COMM10<DP,0.407
421,0.267044671,2,Xylan,1,COMM10<DP,0.407
422,0.323068557,2,Xylan,1,COMM10<DP,0.407
423,0.115385895,0,Xylan,1,COMM10<BP,0.407
424,0.137634197,0,Xylan,1,COMM10<BP,0.407
425,0.131324654,0,Xylan,1,COMM10<BP,0.407
426,0.097367765,1,Xylan,1,COMM10<BP,0.407
427,0.14128874,1,Xylan,1,COMM10<BP,0.407
428,0.098284447,1,Xylan,1,COMM10<BP,0.407
429,0.089492947,2,Xylan,1,COMM10<BP,0.407
430,0.13073954,2,Xylan,1,COMM10<BP,0.407
431,0.102626087,2,Xylan,1,COMM10<BP,0.407
432,0.090982815,0,Xylan,1,COMM10<EL,0.407
433,0.072820089,0,Xylan,1,COMM10<EL,0.407
434,0.075733152,0,Xylan,1,COMM10<EL,0.407
435,0.072930045,1,Xylan,1,COMM10<EL,0.407
436,0.089353463,1,Xylan,1,COMM10<EL,0.407
437,0.076638626,1,Xylan,1,COMM10<EL,0.407
438,0.076564499,2,Xylan,1,COMM10<EL,0.407
439,0.084765166,2,Xylan,1,COMM10<EL,0.407
440,0.0679515,2,Xylan,1,COMM10<EL,0.407
441,0.167978767,0,Xylan,1,COMM10<BH,0.407
442,0.1258685,0,Xylan,1,COMM10<BH,0.407
443,0.183198455,0,Xylan,1,COMM10<BH,0.407
444,0.188989901,1,Xylan,1,COMM10<BH,0.407
445,0.150214648,1,Xylan,1,COMM10<BH,0.407
446,0.205792425,1,Xylan,1,COMM10<BH,0.407
447,0.207662277,2,Xylan,1,COMM10<BH,0.407
448,0.170803269,2,Xylan,1,COMM10<BH,0.407
449,0.226125496,2,Xylan,1,COMM10<BH,0.407
450,0.287263572,0,Xylan,1,COMM10<AC,0.407
451,0.253248949,0,Xylan,1,COMM10<AC,0.407
452,0.310258396,0,Xylan,1,COMM10<AC,0.407
453,0.148695364,1,Xylan,1,COMM10<AC,0.407
454,0.127725116,1,Xylan,1,COMM10<AC,0.407
455,0.177353876,1,Xylan,1,COMM10<AC,0.407
456,0.150796472,2,Xylan,1,COMM10<AC,0.407
457,0.121609344,2,Xylan,1,COMM10<AC,0.407
458,0.175596511,2,Xylan,1,COMM10<AC,0.407
459,0.089671969,0,Xylan,1,COMM10<DL,0.407
460,0.097298645,0,Xylan,1,COMM10<DL,0.407
461,0.115157571,0,Xylan,1,COMM10<DL,0.407
462,0.089997689,1,Xylan,1,COMM10<DL,0.407
463,0.120639883,1,Xylan,1,COMM10<DL,0.407
464,0.110694742,1,Xylan,1,COMM10<DL,0.407
465,0.070350106,2,Xylan,1,COMM10<DL,0.407
466,0.102288307,2,Xylan,1,COMM10<DL,0.407
467,0.087442316,2,Xylan,1,COMM10<DL,0.407
468,0.138531655,0,Laminarin Mono,2,COMM10<PJ,0
469,0.187319916,0,Laminarin Mono,2,COMM10<PJ,0
470,0.148310525,0,Laminarin Mono,2,COMM10<PJ,0
471,0.17462877,1,Laminarin Mono,2,COMM10<PJ,0
472,0.222024375,1,Laminarin Mono,2,COMM10<PJ,0
473,0.185439598,1,Laminarin Mono,2,COMM10<PJ,0
474,0.159993143,2,Laminarin Mono,2,COMM10<PJ,0
475,0.205195121,2,Laminarin Mono,2,COMM10<PJ,0
476,0.19000181,2,Laminarin Mono,2,COMM10<PJ,0
477,0.696681427,0,Laminarin Mono,2,COMM10<BT,0
478,0.687854299,0,Laminarin Mono,2,COMM10<BT,0
479,0.695137071,0,Laminarin Mono,2,COMM10<BT,0
480,0.651834344,1,Laminarin Mono,2,COMM10<BT,0
481,0.649113449,1,Laminarin Mono,2,COMM10<BT,0
482,0.651625569,1,Laminarin Mono,2,COMM10<BT,0
483,0.731993085,2,Laminarin Mono,2,COMM10<BT,0
484,0.724403605,2,Laminarin Mono,2,COMM10<BT,0
485,0.731753205,2,Laminarin Mono,2,COMM10<BT,0
486,0.2557371,0,Laminarin Mono,2,COMM10<BV,0
487,0.315810334,0,Laminarin Mono,2,COMM10<BV,0
488,0.257763119,0,Laminarin Mono,2,COMM10<BV,0
489,0.262705552,1,Laminarin Mono,2,COMM10<BV,0
490,0.318999668,1,Laminarin Mono,2,COMM10<BV,0
491,0.260611943,1,Laminarin Mono,2,COMM10<BV,0
492,0.263054133,2,Laminarin Mono,2,COMM10<BV,0
493,0.309307703,2,Laminarin Mono,2,COMM10<BV,0
494,0.243675005,2,Laminarin Mono,2,COMM10<BV,0
495,0.308615305,0,Laminarin Mono,2,COMM10<DP,0
496,0.357985,0,Laminarin Mono,2,COMM10<DP,0
497,0.334235215,0,Laminarin Mono,2,COMM10<DP,0
498,0.249364067,1,Laminarin Mono,2,COMM10<DP,0
499,0.291104011,1,Laminarin Mono,2,COMM10<DP,0
500,0.277418576,1,Laminarin Mono,2,COMM10<DP,0
501,0.349802223,2,Laminarin Mono,2,COMM10<DP,0
502,0.398714375,2,Laminarin Mono,2,COMM10<DP,0
503,0.379699371,2,Laminarin Mono,2,COMM10<DP,0
504,0.360965516,0,Laminarin Mono,2,COMM10<BP,0
505,0.421372384,0,Laminarin Mono,2,COMM10<BP,0
506,0.356328197,0,Laminarin Mono,2,COMM10<BP,0
507,0.125942704,1,Laminarin Mono,2,COMM10<BP,0
508,0.178490622,1,Laminarin Mono,2,COMM10<BP,0
509,0.128059637,1,Laminarin Mono,2,COMM10<BP,0
510,0.270768118,2,Laminarin Mono,2,COMM10<BP,0
511,0.330159479,2,Laminarin Mono,2,COMM10<BP,0
512,0.269174386,2,Laminarin Mono,2,COMM10<BP,0
513,0.277575222,0,Laminarin Mono,2,COMM10<EL,0
514,0.339718568,0,Laminarin Mono,2,COMM10<EL,0
515,0.278784605,0,Laminarin Mono,2,COMM10<EL,0
516,0.358082852,1,Laminarin Mono,2,COMM10<EL,0
517,0.419136565,1,Laminarin Mono,2,COMM10<EL,0
518,0.352514851,1,Laminarin Mono,2,COMM10<EL,0
519,0.526742168,0,Laminarin Mono,2,COMM10<BH,0
520,0.59016722,0,Laminarin Mono,2,COMM10<BH,0
521,0.527591437,0,Laminarin Mono,2,COMM10<BH,0
522,0.515002711,1,Laminarin Mono,2,COMM10<BH,0
523,0.57764571,1,Laminarin Mono,2,COMM10<BH,0
524,0.515380932,1,Laminarin Mono,2,COMM10<BH,0
525,0.474514815,2,Laminarin Mono,2,COMM10<BH,0
526,0.536849661,2,Laminarin Mono,2,COMM10<BH,0
527,0.476049839,2,Laminarin Mono,2,COMM10<BH,0
528,0.356991356,0,Laminarin Mono,2,COMM10<AC,0
529,0.421373897,0,Laminarin Mono,2,COMM10<AC,0
530,0.361475354,0,Laminarin Mono,2,COMM10<AC,0
531,0.452527802,1,Laminarin Mono,2,COMM10<AC,0
532,0.516731119,1,Laminarin Mono,2,COMM10<AC,0
533,0.45391574,1,Laminarin Mono,2,COMM10<AC,0
534,0.608129428,2,Laminarin Mono,2,COMM10<AC,0
535,0.669774412,2,Laminarin Mono,2,COMM10<AC,0
536,0.605247671,2,Laminarin Mono,2,COMM10<AC,0
537,0.139032105,0,Laminarin Mono,2,COMM10<DL,0
538,0.141557592,0,Laminarin Mono,2,COMM10<DL,0
539,0.168782171,0,Laminarin Mono,2,COMM10<DL,0
540,0.187549539,1,Laminarin Mono,2,COMM10<DL,0
541,0.170764742,1,Laminarin Mono,2,COMM10<DL,0
542,0.224218419,1,Laminarin Mono,2,COMM10<DL,0
543,0.141125624,2,Laminarin Mono,2,COMM10<DL,0
544,0.141155887,2,Laminarin Mono,2,COMM10<DL,0
545,0.166017894,2,Laminarin Mono,2,COMM10<DL,0
546,0.142407595,0,Inulin Mono,2,COMM10<PJ,0.08
547,0.206955204,1,Inulin Mono,2,COMM10<PJ,0.08
548,0.154687663,2,Inulin Mono,2,COMM10<PJ,0.08
549,0.411572366,0,Inulin Mono,2,COMM10<BT,0.08
550,0.288235108,1,Inulin Mono,2,COMM10<BT,0.08
551,0.382118597,2,Inulin Mono,2,COMM10<BT,0.08
552,0.207825026,0,Inulin Mono,2,COMM10<BV,0.08
553,0.29756887,1,Inulin Mono,2,COMM10<BV,0.08
554,0.210147855,2,Inulin Mono,2,COMM10<BV,0.08
555,0.116842681,0,Inulin Mono,2,COMM10<DP,0.08
556,0.153629495,1,Inulin Mono,2,COMM10<DP,0.08
557,0.099344306,2,Inulin Mono,2,COMM10<DP,0.08
558,0.225826846,0,Inulin Mono,2,COMM10<BP,0.08
559,0.274909994,1,Inulin Mono,2,COMM10<BP,0.08
560,0.268128751,2,Inulin Mono,2,COMM10<BP,0.08
561,0.069690341,0,Inulin Mono,2,COMM10<EL,0.08
562,0.148462771,1,Inulin Mono,2,COMM10<EL,0.08
563,0.173650236,2,Inulin Mono,2,COMM10<EL,0.08
564,0.099502636,0,Inulin Mono,2,COMM10<BH,0.08
565,0.124370211,1,Inulin Mono,2,COMM10<BH,0.08
566,0.139072761,2,Inulin Mono,2,COMM10<BH,0.08
567,0.383849333,0,Inulin Mono,2,COMM10<AC,0.08
568,0.149330992,1,Inulin Mono,2,COMM10<AC,0.08
569,0.196966668,2,Inulin Mono,2,COMM10<AC,0.08
570,0.649865531,0,Inulin Mono,2,COMM10<DL,0.08
571,0.722678649,1,Inulin Mono,2,COMM10<DL,0.08
572,0.541174834,2,Inulin Mono,2,COMM10<DL,0.08
573,0.133565854,0,Inulin,2,COMM10<PJ,0.16
574,0.137126399,0,Inulin,2,COMM10<PJ,0.16
575,0.169400982,0,Inulin,2,COMM10<PJ,0.16
576,0.14020554,1,Inulin,2,COMM10<PJ,0.16
577,0.163625342,1,Inulin,2,COMM10<PJ,0.16
578,0.168924629,1,Inulin,2,COMM10<PJ,0.16
579,0.078959039,2,Inulin,2,COMM10<PJ,0.16
580,0.089273202,2,Inulin,2,COMM10<PJ,0.16
581,0.157472262,2,Inulin,2,COMM10<PJ,0.16
582,0.150016995,0,Inulin,2,COMM10<BT,0.16
583,0.116213843,0,Inulin,2,COMM10<BT,0.16
584,0.204242681,0,Inulin,2,COMM10<BT,0.16
585,0.181782865,1,Inulin,2,COMM10<BT,0.16
586,0.154758021,1,Inulin,2,COMM10<BT,0.16
587,0.263670463,1,Inulin,2,COMM10<BT,0.16
588,0.193803342,2,Inulin,2,COMM10<BT,0.16
589,0.168515773,2,Inulin,2,COMM10<BT,0.16
590,0.272723142,2,Inulin,2,COMM10<BT,0.16
591,0.394231487,0,Inulin,2,COMM10<BV,0.16
592,0.371627041,0,Inulin,2,COMM10<BV,0.16
593,0.409633367,0,Inulin,2,COMM10<BV,0.16
594,0.434148936,1,Inulin,2,COMM10<BV,0.16
595,0.432143599,1,Inulin,2,COMM10<BV,0.16
596,0.436610575,1,Inulin,2,COMM10<BV,0.16
597,0.514342447,2,Inulin,2,COMM10<BV,0.16
598,0.51812182,2,Inulin,2,COMM10<BV,0.16
599,0.542386135,2,Inulin,2,COMM10<BV,0.16
600,0.070203992,0,Inulin,2,COMM10<DP,0.16
601,0.136876439,0,Inulin,2,COMM10<DP,0.16
602,0.196539053,0,Inulin,2,COMM10<DP,0.16
603,0.12092157,1,Inulin,2,COMM10<DP,0.16
604,0.145956677,1,Inulin,2,COMM10<DP,0.16
605,0.230278314,1,Inulin,2,COMM10<DP,0.16
606,0.116516194,2,Inulin,2,COMM10<DP,0.16
607,0.152078805,2,Inulin,2,COMM10<DP,0.16
608,0.231914235,2,Inulin,2,COMM10<DP,0.16
609,0.119512168,0,Inulin,2,COMM10<BP,0.16
610,0.179515058,0,Inulin,2,COMM10<BP,0.16
611,0.110024194,0,Inulin,2,COMM10<BP,0.16
612,0.130756307,1,Inulin,2,COMM10<BP,0.16
613,0.18324615,1,Inulin,2,COMM10<BP,0.16
614,0.101836121,1,Inulin,2,COMM10<BP,0.16
615,0.15679459,2,Inulin,2,COMM10<BP,0.16
616,0.206582002,2,Inulin,2,COMM10<BP,0.16
617,0.102484688,2,Inulin,2,COMM10<BP,0.16
618,0.108087659,0,Inulin,2,COMM10<EL,0.16
619,0.134369487,0,Inulin,2,COMM10<EL,0.16
620,0.169916111,0,Inulin,2,COMM10<EL,0.16
621,0.177886887,1,Inulin,2,COMM10<EL,0.16
622,0.234100279,1,Inulin,2,COMM10<EL,0.16
623,0.132586387,1,Inulin,2,COMM10<EL,0.16
624,0.214089565,2,Inulin,2,COMM10<EL,0.16
625,0.257479829,2,Inulin,2,COMM10<EL,0.16
626,0.18085002,2,Inulin,2,COMM10<EL,0.16
627,0.033191466,0,Inulin,2,COMM10<BH,0.16
628,0.103346146,0,Inulin,2,COMM10<BH,0.16
629,0.1518238,0,Inulin,2,COMM10<BH,0.16
630,0.053080871,1,Inulin,2,COMM10<BH,0.16
631,0.079882684,1,Inulin,2,COMM10<BH,0.16
632,0.094639417,1,Inulin,2,COMM10<BH,0.16
633,0.077260834,2,Inulin,2,COMM10<BH,0.16
634,0.067866337,2,Inulin,2,COMM10<BH,0.16
635,0.089657907,2,Inulin,2,COMM10<BH,0.16
636,0.09962791,0,Inulin,2,COMM10<AC,0.16
637,0.160972315,0,Inulin,2,COMM10<AC,0.16
638,0.123663477,0,Inulin,2,COMM10<AC,0.16
639,0.165569492,1,Inulin,2,COMM10<AC,0.16
640,0.22224587,1,Inulin,2,COMM10<AC,0.16
641,0.113568086,1,Inulin,2,COMM10<AC,0.16
642,0.067113414,2,Inulin,2,COMM10<AC,0.16
643,0.160451985,2,Inulin,2,COMM10<AC,0.16
644,0.126797654,2,Inulin,2,COMM10<AC,0.16
645,0.202589509,0,Inulin,2,COMM10<DL,0.16
646,0.240459697,0,Inulin,2,COMM10<DL,0.16
647,0.152100208,0,Inulin,2,COMM10<DL,0.16
648,0.178739099,1,Inulin,2,COMM10<DL,0.16
649,0.205966735,1,Inulin,2,COMM10<DL,0.16
650,0.09967683,1,Inulin,2,COMM10<DL,0.16
651,0.129240461,2,Inulin,2,COMM10<DL,0.16
652,0.171365033,2,Inulin,2,COMM10<DL,0.16
653,0.071468235,2,Inulin,2,COMM10<DL,0.16
654,0.123721124,0,Xylan Mono,2,COMM10<PJ,0.203
655,0.097047125,0,Xylan Mono,2,COMM10<PJ,0.203
656,0.138470265,0,Xylan Mono,2,COMM10<PJ,0.203
657,0.059723651,1,Xylan Mono,2,COMM10<PJ,0.203
658,0.081336058,1,Xylan Mono,2,COMM10<PJ,0.203
659,0.078323677,1,Xylan Mono,2,COMM10<PJ,0.203
660,0.073698903,0,Xylan Mono,2,COMM10<BT,0.203
661,0.118852398,0,Xylan Mono,2,COMM10<BT,0.203
662,0.062108083,0,Xylan Mono,2,COMM10<BT,0.203
663,0.078668853,1,Xylan Mono,2,COMM10<BT,0.203
664,0.126337212,1,Xylan Mono,2,COMM10<BT,0.203
665,0.070790984,1,Xylan Mono,2,COMM10<BT,0.203
666,0.051964911,2,Xylan Mono,2,COMM10<BT,0.203
667,0.083163777,2,Xylan Mono,2,COMM10<BT,0.203
668,0.047123201,2,Xylan Mono,2,COMM10<BT,0.203
669,0.482344623,0,Xylan Mono,2,COMM10<BV,0.203
670,0.443209467,0,Xylan Mono,2,COMM10<BV,0.203
671,0.499481817,0,Xylan Mono,2,COMM10<BV,0.203
672,0.410654482,1,Xylan Mono,2,COMM10<BV,0.203
673,0.371814004,1,Xylan Mono,2,COMM10<BV,0.203
674,0.427628039,1,Xylan Mono,2,COMM10<BV,0.203
675,0.065695188,0,Xylan Mono,2,COMM10<DP,0.203
676,0.115448541,0,Xylan Mono,2,COMM10<DP,0.203
677,0.061043338,0,Xylan Mono,2,COMM10<DP,0.203
678,0.047968023,1,Xylan Mono,2,COMM10<DP,0.203
679,0.086932682,1,Xylan Mono,2,COMM10<DP,0.203
680,0.054530821,1,Xylan Mono,2,COMM10<DP,0.203
681,0.059534179,2,Xylan Mono,2,COMM10<DP,0.203
682,0.071822019,2,Xylan Mono,2,COMM10<DP,0.203
683,0.077590735,2,Xylan Mono,2,COMM10<DP,0.203
684,0.077193641,0,Xylan Mono,2,COMM10<BP,0.203
685,0.06248068,0,Xylan Mono,2,COMM10<BP,0.203
686,0.088321107,0,Xylan Mono,2,COMM10<BP,0.203
687,0.183257192,1,Xylan Mono,2,COMM10<BP,0.203
688,0.141417027,1,Xylan Mono,2,COMM10<BP,0.203
689,0.193862706,1,Xylan Mono,2,COMM10<BP,0.203
690,0.193783535,2,Xylan Mono,2,COMM10<BP,0.203
691,0.153075263,2,Xylan Mono,2,COMM10<BP,0.203
692,0.204504506,2,Xylan Mono,2,COMM10<BP,0.203
693,0.172368329,0,Xylan Mono,2,COMM10<EL,0.203
694,0.15019376,0,Xylan Mono,2,COMM10<EL,0.203
695,0.189262945,0,Xylan Mono,2,COMM10<EL,0.203
696,0.105761889,1,Xylan Mono,2,COMM10<EL,0.203
697,0.094937187,1,Xylan Mono,2,COMM10<EL,0.203
698,0.124754822,1,Xylan Mono,2,COMM10<EL,0.203
699,0.099686293,2,Xylan Mono,2,COMM10<EL,0.203
700,0.095604578,2,Xylan Mono,2,COMM10<EL,0.203
701,0.117651648,2,Xylan Mono,2,COMM10<EL,0.203
702,0.130990867,0,Xylan Mono,2,COMM10<BH,0.203
703,0.100522109,0,Xylan Mono,2,COMM10<BH,0.203
704,0.146215628,0,Xylan Mono,2,COMM10<BH,0.203
705,0.157768216,1,Xylan Mono,2,COMM10<BH,0.203
706,0.119315412,1,Xylan Mono,2,COMM10<BH,0.203
707,0.170380982,1,Xylan Mono,2,COMM10<BH,0.203
708,0.173299463,2,Xylan Mono,2,COMM10<BH,0.203
709,0.139549462,2,Xylan Mono,2,COMM10<BH,0.203
710,0.18770027,2,Xylan Mono,2,COMM10<BH,0.203
711,0.320442393,0,Xylan Mono,2,COMM10<AC,0.203
712,0.269156053,0,Xylan Mono,2,COMM10<AC,0.203
713,0.327692656,0,Xylan Mono,2,COMM10<AC,0.203
714,0.25557864,1,Xylan Mono,2,COMM10<AC,0.203
715,0.204548824,1,Xylan Mono,2,COMM10<AC,0.203
716,0.263496033,1,Xylan Mono,2,COMM10<AC,0.203
717,0.212933422,2,Xylan Mono,2,COMM10<AC,0.203
718,0.163346655,2,Xylan Mono,2,COMM10<AC,0.203
719,0.221590385,2,Xylan Mono,2,COMM10<AC,0.203
720,0.206681944,0,Xylan Mono,2,COMM10<DL,0.203
721,0.154120843,0,Xylan Mono,2,COMM10<DL,0.203
722,0.21086256,0,Xylan Mono,2,COMM10<DL,0.203
723,0.161929232,1,Xylan Mono,2,COMM10<DL,0.203
724,0.110643542,1,Xylan Mono,2,COMM10<DL,0.203
725,0.167178368,1,Xylan Mono,2,COMM10<DL,0.203
726,0.093185842,2,Xylan Mono,2,COMM10<DL,0.203
727,0.047030375,2,Xylan Mono,2,COMM10<DL,0.203
728,0.092836678,2,Xylan Mono,2,COMM10<DL,0.203
729,0.238593085,0,Laminarin,2,COMM10<PJ,0.226
730,0.249245138,0,Laminarin,2,COMM10<PJ,0.226
731,0.19094598,0,Laminarin,2,COMM10<PJ,0.226
732,0.154184205,1,Laminarin,2,COMM10<PJ,0.226
733,0.158485361,1,Laminarin,2,COMM10<PJ,0.226
734,0.100335553,1,Laminarin,2,COMM10<PJ,0.226
735,0.139495308,0,Laminarin,2,COMM10<BT,0.226
736,0.141964619,0,Laminarin,2,COMM10<BT,0.226
737,0.087079527,0,Laminarin,2,COMM10<BT,0.226
738,0.105832223,1,Laminarin,2,COMM10<BT,0.226
739,0.118526878,1,Laminarin,2,COMM10<BT,0.226
740,0.063626102,1,Laminarin,2,COMM10<BT,0.226
741,0.15211975,2,Laminarin,2,COMM10<BT,0.226
742,0.157731038,2,Laminarin,2,COMM10<BT,0.226
743,0.100266874,2,Laminarin,2,COMM10<BT,0.226
744,0.242574499,0,Laminarin,2,COMM10<BV,0.226
745,0.257569451,0,Laminarin,2,COMM10<BV,0.226
746,0.201126797,0,Laminarin,2,COMM10<BV,0.226
747,0.175025499,1,Laminarin,2,COMM10<BV,0.226
748,0.184260549,1,Laminarin,2,COMM10<BV,0.226
749,0.12770535,1,Laminarin,2,COMM10<BV,0.226
750,0.187987705,2,Laminarin,2,COMM10<BV,0.226
751,0.200089557,2,Laminarin,2,COMM10<BV,0.226
752,0.144378758,2,Laminarin,2,COMM10<BV,0.226
753,0.12504128,0,Laminarin,2,COMM10<DP,0.226
754,0.132199719,0,Laminarin,2,COMM10<DP,0.226
755,0.075737011,0,Laminarin,2,COMM10<DP,0.226
756,0.096990369,1,Laminarin,2,COMM10<DP,0.226
757,0.114022524,1,Laminarin,2,COMM10<DP,0.226
758,0.061227135,1,Laminarin,2,COMM10<DP,0.226
759,0.193567808,2,Laminarin,2,COMM10<DP,0.226
760,0.199972743,2,Laminarin,2,COMM10<DP,0.226
761,0.141756501,2,Laminarin,2,COMM10<DP,0.226
762,0.108292224,0,Laminarin,2,COMM10<BP,0.226
763,0.130390553,0,Laminarin,2,COMM10<BP,0.226
764,0.083507253,0,Laminarin,2,COMM10<BP,0.226
765,0.171676304,1,Laminarin,2,COMM10<BP,0.226
766,0.193864062,1,Laminarin,2,COMM10<BP,0.226
767,0.141754128,1,Laminarin,2,COMM10<BP,0.226
768,0.261915138,0,Laminarin,2,COMM10<EL,0.226
769,0.276238079,0,Laminarin,2,COMM10<EL,0.226
770,0.218862819,0,Laminarin,2,COMM10<EL,0.226
771,0.312071052,1,Laminarin,2,COMM10<EL,0.226
772,0.328588979,1,Laminarin,2,COMM10<EL,0.226
773,0.272307384,1,Laminarin,2,COMM10<EL,0.226
774,0.191292986,2,Laminarin,2,COMM10<EL,0.226
775,0.209811182,2,Laminarin,2,COMM10<EL,0.226
776,0.154155334,2,Laminarin,2,COMM10<EL,0.226
777,0.061583344,0,Laminarin,2,COMM10<BH,0.226
778,0.081217285,0,Laminarin,2,COMM10<BH,0.226
779,0.042457095,0,Laminarin,2,COMM10<BH,0.226
780,0.084027449,1,Laminarin,2,COMM10<BH,0.226
781,0.091768686,1,Laminarin,2,COMM10<BH,0.226
782,0.040125809,1,Laminarin,2,COMM10<BH,0.226
783,0.092716468,2,Laminarin,2,COMM10<BH,0.226
784,0.11399647,2,Laminarin,2,COMM10<BH,0.226
785,0.066156327,2,Laminarin,2,COMM10<BH,0.226
786,0.215283394,0,Laminarin,2,COMM10<AC,0.226
787,0.231682423,0,Laminarin,2,COMM10<AC,0.226
788,0.17519991,0,Laminarin,2,COMM10<AC,0.226
789,0.283137871,1,Laminarin,2,COMM10<AC,0.226
790,0.299568306,1,Laminarin,2,COMM10<AC,0.226
791,0.242861016,1,Laminarin,2,COMM10<AC,0.226
792,0.083171963,2,Laminarin,2,COMM10<AC,0.226
793,0.105640856,2,Laminarin,2,COMM10<AC,0.226
794,0.060942053,2,Laminarin,2,COMM10<AC,0.226
795,0.153617977,0,Laminarin,2,COMM10<DL,0.226
796,0.173109674,0,Laminarin,2,COMM10<DL,0.226
797,0.120641377,0,Laminarin,2,COMM10<DL,0.226
798,0.158235591,1,Laminarin,2,COMM10<DL,0.226
799,0.173662149,1,Laminarin,2,COMM10<DL,0.226
800,0.118442816,1,Laminarin,2,COMM10<DL,0.226
801,0.096563895,2,Laminarin,2,COMM10<DL,0.226
802,0.117127294,2,Laminarin,2,COMM10<DL,0.226
803,0.068558749,2,Laminarin,2,COMM10<DL,0.226
804,0.080231496,0,Xylan,2,COMM10<PJ,0.407
805,0.096371237,0,Xylan,2,COMM10<PJ,0.407
806,0.14163029,0,Xylan,2,COMM10<PJ,0.407
807,0.309292593,1,Xylan,2,COMM10<PJ,0.407
808,0.319556572,1,Xylan,2,COMM10<PJ,0.407
809,0.358362786,1,Xylan,2,COMM10<PJ,0.407
810,0.281813001,2,Xylan,2,COMM10<PJ,0.407
811,0.292610852,2,Xylan,2,COMM10<PJ,0.407
812,0.333097255,2,Xylan,2,COMM10<PJ,0.407
813,0.096691883,0,Xylan,2,COMM10<BT,0.407
814,0.164843975,0,Xylan,2,COMM10<BT,0.407
815,0.232431669,0,Xylan,2,COMM10<BT,0.407
816,0.053240751,1,Xylan,2,COMM10<BT,0.407
817,0.120906221,1,Xylan,2,COMM10<BT,0.407
818,0.192214982,1,Xylan,2,COMM10<BT,0.407
819,0.12784687,2,Xylan,2,COMM10<BT,0.407
820,0.198149822,2,Xylan,2,COMM10<BT,0.407
821,0.268445445,2,Xylan,2,COMM10<BT,0.407
822,0.072395481,0,Xylan,2,COMM10<BV,0.407
823,0.021907918,0,Xylan,2,COMM10<BV,0.407
824,0.072414103,0,Xylan,2,COMM10<BV,0.407
825,0.116231047,1,Xylan,2,COMM10<BV,0.407
826,0.182488843,1,Xylan,2,COMM10<BV,0.407
827,0.247048843,1,Xylan,2,COMM10<BV,0.407
828,0.07665581,2,Xylan,2,COMM10<BV,0.407
829,0.119843761,2,Xylan,2,COMM10<BV,0.407
830,0.173532988,2,Xylan,2,COMM10<BV,0.407
831,0.170131454,0,Xylan,2,COMM10<DP,0.407
832,0.165323958,0,Xylan,2,COMM10<DP,0.407
833,0.202755942,0,Xylan,2,COMM10<DP,0.407
834,0.158728059,1,Xylan,2,COMM10<DP,0.407
835,0.155918523,1,Xylan,2,COMM10<DP,0.407
836,0.196128823,1,Xylan,2,COMM10<DP,0.407
837,0.09280092,2,Xylan,2,COMM10<DP,0.407
838,0.119118121,2,Xylan,2,COMM10<DP,0.407
839,0.180174616,2,Xylan,2,COMM10<DP,0.407
840,0.180386706,0,Xylan,2,COMM10<BP,0.407
841,0.24985822,0,Xylan,2,COMM10<BP,0.407
842,0.319971459,0,Xylan,2,COMM10<BP,0.407
843,0.222403861,1,Xylan,2,COMM10<BP,0.407
844,0.291096879,1,Xylan,2,COMM10<BP,0.407
845,0.362481526,1,Xylan,2,COMM10<BP,0.407
846,0.059840593,2,Xylan,2,COMM10<BP,0.407
847,0.110435481,2,Xylan,2,COMM10<BP,0.407
848,0.180569959,2,Xylan,2,COMM10<BP,0.407
849,0.165168261,0,Xylan,2,COMM10<EL,0.407
850,0.185847178,0,Xylan,2,COMM10<EL,0.407
851,0.239991539,0,Xylan,2,COMM10<EL,0.407
852,0.22999931,1,Xylan,2,COMM10<EL,0.407
853,0.294101813,1,Xylan,2,COMM10<EL,0.407
854,0.364897715,1,Xylan,2,COMM10<EL,0.407
855,0.210014072,2,Xylan,2,COMM10<EL,0.407
856,0.271132309,2,Xylan,2,COMM10<EL,0.407
857,0.341103416,2,Xylan,2,COMM10<EL,0.407
858,0.118593156,0,Xylan,2,COMM10<BH,0.407
859,0.139782363,0,Xylan,2,COMM10<BH,0.407
860,0.197649434,0,Xylan,2,COMM10<BH,0.407
861,0.117653185,1,Xylan,2,COMM10<BH,0.407
862,0.142592622,1,Xylan,2,COMM10<BH,0.407
863,0.202121788,1,Xylan,2,COMM10<BH,0.407
864,0.069275314,2,Xylan,2,COMM10<BH,0.407
865,0.102320167,2,Xylan,2,COMM10<BH,0.407
866,0.167421279,2,Xylan,2,COMM10<BH,0.407
867,0.088843468,0,Xylan,2,COMM10<AC,0.407
868,0.113529998,0,Xylan,2,COMM10<AC,0.407
869,0.175825511,0,Xylan,2,COMM10<AC,0.407
870,0.040685942,1,Xylan,2,COMM10<AC,0.407
871,0.097339695,1,Xylan,2,COMM10<AC,0.407
872,0.168077825,1,Xylan,2,COMM10<AC,0.407
873,0.048131453,2,Xylan,2,COMM10<AC,0.407
874,0.051770884,2,Xylan,2,COMM10<AC,0.407
875,0.109322682,2,Xylan,2,COMM10<AC,0.407
876,0.117868729,0,Xylan,2,COMM10<DL,0.407
877,0.062169185,0,Xylan,2,COMM10<DL,0.407
878,0.071802216,0,Xylan,2,COMM10<DL,0.407
879,0.080113908,1,Xylan,2,COMM10<DL,0.407
880,0.139535679,1,Xylan,2,COMM10<DL,0.407
881,0.209370832,1,Xylan,2,COMM10<DL,0.407
882,0.051980513,2,Xylan,2,COMM10<DL,0.407
883,0.116764272,2,Xylan,2,COMM10<DL,0.407
884,0.185544425,2,Xylan,2,COMM10<DL,0.407
885,0.07924312,0,Laminarin Mono,3,COMM10<PJ,0
886,0.050910447,1,Laminarin Mono,3,COMM10<PJ,0
887,0.115893896,2,Laminarin Mono,3,COMM10<PJ,0
888,0.294324434,0,Laminarin Mono,3,COMM10<BV,0
889,0.200027437,1,Laminarin Mono,3,COMM10<BV,0
890,0.264468152,2,Laminarin Mono,3,COMM10<BV,0
891,0.362024751,0,Laminarin Mono,3,COMM10<DP,0
892,0.353002572,1,Laminarin Mono,3,COMM10<DP,0
893,0.269838749,2,Laminarin Mono,3,COMM10<DP,0
894,0.373691073,0,Laminarin Mono,3,COMM10<BP,0
895,0.457832339,1,Laminarin Mono,3,COMM10<BP,0
896,0.380273187,2,Laminarin Mono,3,COMM10<BP,0
897,0.288355341,0,Laminarin Mono,3,COMM10<EL,0
898,0.492822899,1,Laminarin Mono,3,COMM10<EL,0
899,0.430748275,2,Laminarin Mono,3,COMM10<EL,0
900,0.365447985,0,Laminarin Mono,3,COMM10<BH,0
901,0.494609447,1,Laminarin Mono,3,COMM10<BH,0
902,0.192754414,0,Laminarin Mono,3,COMM10<AC,0
903,0.30210289,1,Laminarin Mono,3,COMM10<AC,0
904,0.356269246,2,Laminarin Mono,3,COMM10<AC,0
905,0.36017529,0,Laminarin Mono,3,COMM10<DL,0
906,0.451511153,1,Laminarin Mono,3,COMM10<DL,0
907,0.465923193,2,Laminarin Mono,3,COMM10<DL,0
908,0.497635011,0,Inulin Mono,3,COMM10<PJ,0.08
909,0.330596016,0,Inulin Mono,3,COMM10<PJ,0.08
910,0.432884485,0,Inulin Mono,3,COMM10<PJ,0.08
911,0.468601906,1,Inulin Mono,3,COMM10<PJ,0.08
912,0.306390928,1,Inulin Mono,3,COMM10<PJ,0.08
913,0.433039829,1,Inulin Mono,3,COMM10<PJ,0.08
914,0.706604498,0,Inulin Mono,3,COMM10<BT,0.08
915,0.675253768,0,Inulin Mono,3,COMM10<BT,0.08
916,0.716238514,0,Inulin Mono,3,COMM10<BT,0.08
917,0.668403261,1,Inulin Mono,3,COMM10<BT,0.08
918,0.605908411,1,Inulin Mono,3,COMM10<BT,0.08
919,0.693841386,1,Inulin Mono,3,COMM10<BT,0.08
920,0.74666468,2,Inulin Mono,3,COMM10<BT,0.08
921,0.718005631,2,Inulin Mono,3,COMM10<BT,0.08
922,0.756842984,2,Inulin Mono,3,COMM10<BT,0.08
923,0.438754336,0,Inulin Mono,3,COMM10<BV,0.08
924,0.366056595,0,Inulin Mono,3,COMM10<BV,0.08
925,0.451246074,0,Inulin Mono,3,COMM10<BV,0.08
926,0.370291058,1,Inulin Mono,3,COMM10<BV,0.08
927,0.188580375,1,Inulin Mono,3,COMM10<BV,0.08
928,0.301335427,1,Inulin Mono,3,COMM10<BV,0.08
929,0.157034057,0,Inulin Mono,3,COMM10<DP,0.08
930,0.239543192,0,Inulin Mono,3,COMM10<DP,0.08
931,0.104816241,0,Inulin Mono,3,COMM10<DP,0.08
932,0.481609421,1,Inulin Mono,3,COMM10<DP,0.08
933,0.292479624,1,Inulin Mono,3,COMM10<DP,0.08
934,0.408465184,1,Inulin Mono,3,COMM10<DP,0.08
935,0.355578967,0,Inulin Mono,3,COMM10<BP,0.08
936,0.18525426,0,Inulin Mono,3,COMM10<BP,0.08
937,0.315036964,0,Inulin Mono,3,COMM10<BP,0.08
938,0.410322154,1,Inulin Mono,3,COMM10<BP,0.08
939,0.211822998,1,Inulin Mono,3,COMM10<BP,0.08
940,0.354811818,1,Inulin Mono,3,COMM10<BP,0.08
941,0.465963139,0,Inulin Mono,3,COMM10<EL,0.08
942,0.291773705,0,Inulin Mono,3,COMM10<EL,0.08
943,0.428700559,0,Inulin Mono,3,COMM10<EL,0.08
944,0.452052534,1,Inulin Mono,3,COMM10<EL,0.08
945,0.252660991,1,Inulin Mono,3,COMM10<EL,0.08
946,0.392495774,1,Inulin Mono,3,COMM10<EL,0.08
947,0.535711912,2,Inulin Mono,3,COMM10<EL,0.08
948,0.544000917,2,Inulin Mono,3,COMM10<EL,0.08
949,0.554253118,2,Inulin Mono,3,COMM10<EL,0.08
950,0.465775358,0,Inulin Mono,3,COMM10<BH,0.08
951,0.258419832,0,Inulin Mono,3,COMM10<BH,0.08
952,0.39808358,0,Inulin Mono,3,COMM10<BH,0.08
953,0.347972548,1,Inulin Mono,3,COMM10<BH,0.08
954,0.147332634,1,Inulin Mono,3,COMM10<BH,0.08
955,0.285059374,1,Inulin Mono,3,COMM10<BH,0.08
956,0.779394221,0,Inulin Mono,3,COMM10<AC,0.08
957,0.722566769,0,Inulin Mono,3,COMM10<AC,0.08
958,0.814735662,0,Inulin Mono,3,COMM10<AC,0.08
959,0.366985802,1,Inulin Mono,3,COMM10<AC,0.08
960,0.424089383,1,Inulin Mono,3,COMM10<AC,0.08
961,0.391276706,1,Inulin Mono,3,COMM10<AC,0.08
962,0.785917836,0,Inulin Mono,3,COMM10<DL,0.08
963,0.784102006,0,Inulin Mono,3,COMM10<DL,0.08
964,0.799081327,0,Inulin Mono,3,COMM10<DL,0.08
965,0.75156405,1,Inulin Mono,3,COMM10<DL,0.08
966,0.772997962,1,Inulin Mono,3,COMM10<DL,0.08
967,0.771192948,1,Inulin Mono,3,COMM10<DL,0.08
968,0.277479853,0,Inulin,3,COMM10<PJ,0.16
969,0.227004668,0,Inulin,3,COMM10<PJ,0.16
970,0.208278705,0,Inulin,3,COMM10<PJ,0.16
971,0.244825716,1,Inulin,3,COMM10<PJ,0.16
972,0.182846484,1,Inulin,3,COMM10<PJ,0.16
973,0.145881439,1,Inulin,3,COMM10<PJ,0.16
974,0.205787678,0,Inulin,3,COMM10<BT,0.16
975,0.14561673,0,Inulin,3,COMM10<BT,0.16
976,0.091790434,0,Inulin,3,COMM10<BT,0.16
977,0.037749902,1,Inulin,3,COMM10<BT,0.16
978,0.0645246,1,Inulin,3,COMM10<BT,0.16
979,0.128986607,1,Inulin,3,COMM10<BT,0.16
980,0.129962281,2,Inulin,3,COMM10<BT,0.16
981,0.083617328,2,Inulin,3,COMM10<BT,0.16
982,0.056987304,2,Inulin,3,COMM10<BT,0.16
983,0.268436209,0,Inulin,3,COMM10<BV,0.16
984,0.223853313,0,Inulin,3,COMM10<BV,0.16
985,0.231259571,0,Inulin,3,COMM10<BV,0.16
986,0.365931688,1,Inulin,3,COMM10<BV,0.16
987,0.32048436,1,Inulin,3,COMM10<BV,0.16
988,0.302822168,1,Inulin,3,COMM10<BV,0.16
989,0.351856247,2,Inulin,3,COMM10<BV,0.16
990,0.315124771,2,Inulin,3,COMM10<BV,0.16
991,0.307370619,2,Inulin,3,COMM10<BV,0.16
992,0.22933469,0,Inulin,3,COMM10<DP,0.16
993,0.181618902,0,Inulin,3,COMM10<DP,0.16
994,0.133892798,0,Inulin,3,COMM10<DP,0.16
995,0.219627772,1,Inulin,3,COMM10<DP,0.16
996,0.160922832,1,Inulin,3,COMM10<DP,0.16
997,0.112961043,1,Inulin,3,COMM10<DP,0.16
998,0.217504404,2,Inulin,3,COMM10<DP,0.16
999,0.174018528,2,Inulin,3,COMM10<DP,0.16
1000,0.143423699,2,Inulin,3,COMM10<DP,0.16
1001,0.305294629,0,Inulin,3,COMM10<BP,0.16
1002,0.251746697,0,Inulin,3,COMM10<BP,0.16
1003,0.17744581,0,Inulin,3,COMM10<BP,0.16
1004,0.125408655,1,Inulin,3,COMM10<BP,0.16
1005,0.078365355,1,Inulin,3,COMM10<BP,0.16
1006,0.040690014,1,Inulin,3,COMM10<BP,0.16
1007,0.119629851,2,Inulin,3,COMM10<BP,0.16
1008,0.086432009,2,Inulin,3,COMM10<BP,0.16
1009,0.09039758,2,Inulin,3,COMM10<BP,0.16
1010,0.168784763,0,Inulin,3,COMM10<EL,0.16
1011,0.109454083,0,Inulin,3,COMM10<EL,0.16
1012,0.072287529,0,Inulin,3,COMM10<EL,0.16
1013,0.129072239,1,Inulin,3,COMM10<EL,0.16
1014,0.126662711,1,Inulin,3,COMM10<EL,0.16
1015,0.203689691,1,Inulin,3,COMM10<EL,0.16
1016,0.201978798,0,Inulin,3,COMM10<BH,0.16
1017,0.140490293,0,Inulin,3,COMM10<BH,0.16
1018,0.140412433,0,Inulin,3,COMM10<BH,0.16
1019,0.253944687,1,Inulin,3,COMM10<BH,0.16
1020,0.202003719,1,Inulin,3,COMM10<BH,0.16
1021,0.166416284,1,Inulin,3,COMM10<BH,0.16
1022,0.170351388,2,Inulin,3,COMM10<BH,0.16
1023,0.134315127,2,Inulin,3,COMM10<BH,0.16
1024,0.10433239,2,Inulin,3,COMM10<BH,0.16
1025,0.302411151,0,Inulin,3,COMM10<AC,0.16
1026,0.243387876,0,Inulin,3,COMM10<AC,0.16
1027,0.190469337,0,Inulin,3,COMM10<AC,0.16
1028,0.158764993,1,Inulin,3,COMM10<AC,0.16
1029,0.11997111,1,Inulin,3,COMM10<AC,0.16
1030,0.043704668,1,Inulin,3,COMM10<AC,0.16
1031,0.31627874,0,Inulin,3,COMM10<DL,0.16
1032,0.260998472,0,Inulin,3,COMM10<DL,0.16
1033,0.188766527,0,Inulin,3,COMM10<DL,0.16
1034,0.216841277,1,Inulin,3,COMM10<DL,0.16
1035,0.157848553,1,Inulin,3,COMM10<DL,0.16
1036,0.086579412,1,Inulin,3,COMM10<DL,0.16
1037,0.322822016,2,Inulin,3,COMM10<DL,0.16
1038,0.265207046,2,Inulin,3,COMM10<DL,0.16
1039,0.234310638,2,Inulin,3,COMM10<DL,0.16
1040,0.060625674,0,Xylan Mono,3,COMM10<PJ,0.203
1041,0.059661145,0,Xylan Mono,3,COMM10<PJ,0.203
1042,0.058883641,0,Xylan Mono,3,COMM10<PJ,0.203
1043,0.09387465,1,Xylan Mono,3,COMM10<PJ,0.203
1044,0.0975023,1,Xylan Mono,3,COMM10<PJ,0.203
1045,0.096072675,1,Xylan Mono,3,COMM10<PJ,0.203
1046,0.115558958,2,Xylan Mono,3,COMM10<PJ,0.203
1047,0.114907337,2,Xylan Mono,3,COMM10<PJ,0.203
1048,0.118442741,2,Xylan Mono,3,COMM10<PJ,0.203
1049,0.155757356,0,Xylan Mono,3,COMM10<BT,0.203
1050,0.153968307,0,Xylan Mono,3,COMM10<BT,0.203
1051,0.160870898,0,Xylan Mono,3,COMM10<BT,0.203
1052,0.504330513,1,Xylan Mono,3,COMM10<BT,0.203
1053,0.505630337,1,Xylan Mono,3,COMM10<BT,0.203
1054,0.508570008,1,Xylan Mono,3,COMM10<BT,0.203
1055,0.155568639,2,Xylan Mono,3,COMM10<BT,0.203
1056,0.155194923,2,Xylan Mono,3,COMM10<BT,0.203
1057,0.160490271,2,Xylan Mono,3,COMM10<BT,0.203
1058,0.263387571,0,Xylan Mono,3,COMM10<BV,0.203
1059,0.257816468,0,Xylan Mono,3,COMM10<BV,0.203
1060,0.266185416,0,Xylan Mono,3,COMM10<BV,0.203
1061,0.421107649,1,Xylan Mono,3,COMM10<BV,0.203
1062,0.41554968,1,Xylan Mono,3,COMM10<BV,0.203
1063,0.424453234,1,Xylan Mono,3,COMM10<BV,0.203
1064,0.149639896,0,Xylan Mono,3,COMM10<DP,0.203
1065,0.147725316,0,Xylan Mono,3,COMM10<DP,0.203
1066,0.153490164,0,Xylan Mono,3,COMM10<DP,0.203
1067,0.121664391,1,Xylan Mono,3,COMM10<DP,0.203
1068,0.124316922,1,Xylan Mono,3,COMM10<DP,0.203
1069,0.126439547,1,Xylan Mono,3,COMM10<DP,0.203
1070,0.114912965,2,Xylan Mono,3,COMM10<DP,0.203
1071,0.121104389,2,Xylan Mono,3,COMM10<DP,0.203
1072,0.120132206,2,Xylan Mono,3,COMM10<DP,0.203
1073,0.191432865,0,Xylan Mono,3,COMM10<BP,0.203
1074,0.188363643,0,Xylan Mono,3,COMM10<BP,0.203
1075,0.195261868,0,Xylan Mono,3,COMM10<BP,0.203
1076,0.093772289,0,Xylan Mono,3,COMM10<EL,0.203
1077,0.096725728,0,Xylan Mono,3,COMM10<EL,0.203
1078,0.095001297,0,Xylan Mono,3,COMM10<EL,0.203
1079,0.110946077,0,Xylan Mono,3,COMM10<BH,0.203
1080,0.119105452,0,Xylan Mono,3,COMM10<BH,0.203
1081,0.1177028,0,Xylan Mono,3,COMM10<BH,0.203
1082,0.12252112,1,Xylan Mono,3,COMM10<BH,0.203
1083,0.126465863,1,Xylan Mono,3,COMM10<BH,0.203
1084,0.129493334,1,Xylan Mono,3,COMM10<BH,0.203
1085,0.263161576,2,Xylan Mono,3,COMM10<BH,0.203
1086,0.261877735,2,Xylan Mono,3,COMM10<BH,0.203
1087,0.268742436,2,Xylan Mono,3,COMM10<BH,0.203
1088,0.102182176,0,Xylan Mono,3,COMM10<AC,0.203
1089,0.097561279,0,Xylan Mono,3,COMM10<AC,0.203
1090,0.106711586,0,Xylan Mono,3,COMM10<AC,0.203
1091,0.026892175,1,Xylan Mono,3,COMM10<AC,0.203
1092,0.040257694,1,Xylan Mono,3,COMM10<AC,0.203
1093,0.033122219,1,Xylan Mono,3,COMM10<AC,0.203
1094,0.031899651,2,Xylan Mono,3,COMM10<AC,0.203
1095,0.044461005,2,Xylan Mono,3,COMM10<AC,0.203
1096,0.037128547,2,Xylan Mono,3,COMM10<AC,0.203
1097,0.034255585,0,Xylan Mono,3,COMM10<DL,0.203
1098,0.028315897,0,Xylan Mono,3,COMM10<DL,0.203
1099,0.031317252,0,Xylan Mono,3,COMM10<DL,0.203
1100,0.012870152,1,Xylan Mono,3,COMM10<DL,0.203
1101,0.008865199,1,Xylan Mono,3,COMM10<DL,0.203
1102,0.008160933,1,Xylan Mono,3,COMM10<DL,0.203
1103,0.012113774,2,Xylan Mono,3,COMM10<DL,0.203
1104,0.015205488,2,Xylan Mono,3,COMM10<DL,0.203
1105,0.005360028,2,Xylan Mono,3,COMM10<DL,0.203
1106,0.156397844,0,Laminarin,3,COMM10<PJ,0.226
1107,0.109946568,0,Laminarin,3,COMM10<PJ,0.226
1108,0.059573341,1,Laminarin,3,COMM10<PJ,0.226
1109,0.155845299,1,Laminarin,3,COMM10<PJ,0.226
1110,0.026907461,2,Laminarin,3,COMM10<PJ,0.226
1111,0.203430738,2,Laminarin,3,COMM10<PJ,0.226
1112,0.300923612,0,Laminarin,3,COMM10<BT,0.226
1113,0.104996057,0,Laminarin,3,COMM10<BT,0.226
1114,0.124521802,0,Laminarin,3,COMM10<BV,0.226
1115,0.130079575,0,Laminarin,3,COMM10<BV,0.226
1116,0.03027554,0,Laminarin,3,COMM10<DP,0.226
1117,0.188463846,0,Laminarin,3,COMM10<DP,0.226
1118,0.081797131,1,Laminarin,3,COMM10<DP,0.226
1119,0.127432464,1,Laminarin,3,COMM10<DP,0.226
1120,0.033412146,2,Laminarin,3,COMM10<DP,0.226
1121,0.186811862,2,Laminarin,3,COMM10<DP,0.226
1122,0.019584809,0,Laminarin,3,COMM10<BP,0.226
1123,0.208406557,0,Laminarin,3,COMM10<BP,0.226
1124,0.030545965,0,Laminarin,3,COMM10<EL,0.226
1125,0.230288267,0,Laminarin,3,COMM10<EL,0.226
1126,0.041135388,0,Laminarin,3,COMM10<BH,0.226
1127,0.190264783,0,Laminarin,3,COMM10<BH,0.226
1128,0.031055792,1,Laminarin,3,COMM10<BH,0.226
1129,0.222222885,1,Laminarin,3,COMM10<BH,0.226
1130,0.041481418,0,Laminarin,3,COMM10<AC,0.226
1131,0.19707066,0,Laminarin,3,COMM10<AC,0.226
1132,0.022347078,0,Laminarin,3,COMM10<DL,0.226
1133,0.229134302,0,Laminarin,3,COMM10<DL,0.226
1134,0.059503152,1,Laminarin,3,COMM10<DL,0.226
1135,0.2661207,1,Laminarin,3,COMM10<DL,0.226
1136,0.027968976,2,Laminarin,3,COMM10<DL,0.226
1137,0.234521857,2,Laminarin,3,COMM10<DL,0.226
1138,0.213583062,0,Xylan,3,COMM10<PJ,0.407
1139,0.217748147,0,Xylan,3,COMM10<PJ,0.407
1140,0.193689138,0,Xylan,3,COMM10<PJ,0.407
1141,0.148863821,0,Xylan,3,COMM10<BT,0.407
1142,0.154094352,0,Xylan,3,COMM10<BT,0.407
1143,0.165207613,0,Xylan,3,COMM10<BT,0.407
1144,0.094631855,1,Xylan,3,COMM10<BT,0.407
1145,0.099193828,1,Xylan,3,COMM10<BT,0.407
1146,0.105659267,1,Xylan,3,COMM10<BT,0.407
1147,0.10006866,2,Xylan,3,COMM10<BT,0.407
1148,0.106998634,2,Xylan,3,COMM10<BT,0.407
1149,0.10457494,2,Xylan,3,COMM10<BT,0.407
1150,0.111289033,0,Xylan,3,COMM10<BV,0.407
1151,0.12123334,0,Xylan,3,COMM10<BV,0.407
1152,0.117551612,0,Xylan,3,COMM10<BV,0.407
1153,0.117515224,1,Xylan,3,COMM10<BV,0.407
1154,0.129115383,1,Xylan,3,COMM10<BV,0.407
1155,0.129186873,1,Xylan,3,COMM10<BV,0.407
1156,0.078046837,2,Xylan,3,COMM10<BV,0.407
1157,0.090462467,2,Xylan,3,COMM10<BV,0.407
1158,0.090056835,2,Xylan,3,COMM10<BV,0.407
1159,0.232479508,0,Xylan,3,COMM10<DP,0.407
1160,0.235627249,0,Xylan,3,COMM10<DP,0.407
1161,0.233101991,0,Xylan,3,COMM10<DP,0.407
1162,0.092771096,0,Xylan,3,COMM10<BP,0.407
1163,0.10358047,0,Xylan,3,COMM10<BP,0.407
1164,0.10374369,0,Xylan,3,COMM10<BP,0.407
1165,0.025779404,1,Xylan,3,COMM10<BP,0.407
1166,0.047322064,1,Xylan,3,COMM10<BP,0.407
1167,0.039939121,1,Xylan,3,COMM10<BP,0.407
1168,0.033097081,2,Xylan,3,COMM10<BP,0.407
1169,0.050239927,2,Xylan,3,COMM10<BP,0.407
1170,0.045543737,2,Xylan,3,COMM10<BP,0.407
1171,0.117144183,0,Xylan,3,COMM10<EL,0.407
1172,0.131671746,0,Xylan,3,COMM10<EL,0.407
1173,0.120902235,0,Xylan,3,COMM10<EL,0.407
1174,0.071569764,1,Xylan,3,COMM10<EL,0.407
1175,0.085438207,1,Xylan,3,COMM10<EL,0.407
1176,0.078103962,1,Xylan,3,COMM10<EL,0.407
1177,0.264550062,0,Xylan,3,COMM10<BH,0.407
1178,0.265491747,0,Xylan,3,COMM10<BH,0.407
1179,0.263732991,0,Xylan,3,COMM10<BH,0.407
1180,0.05133524,0,Xylan,3,COMM10<AC,0.407
1181,0.060071862,0,Xylan,3,COMM10<AC,0.407
1182,0.042019076,0,Xylan,3,COMM10<AC,0.407
1183,0.09884585,1,Xylan,3,COMM10<AC,0.407
1184,0.111812853,1,Xylan,3,COMM10<AC,0.407
1185,0.105232565,1,Xylan,3,COMM10<AC,0.407
1186,0.131689359,2,Xylan,3,COMM10<AC,0.407
1187,0.128713009,2,Xylan,3,COMM10<AC,0.407
1188,0.124706942,2,Xylan,3,COMM10<AC,0.407
1189,0.080354693,0,Xylan,3,COMM10<DL,0.407
1190,0.102308771,0,Xylan,3,COMM10<DL,0.407
1191,0.063985052,0,Xylan,3,COMM10<DL,0.407
1192,0.062199575,1,Xylan,3,COMM10<DL,0.407
1193,0.085311916,1,Xylan,3,COMM10<DL,0.407
1194,0.03599695,1,Xylan,3,COMM10<DL,0.407
1195,0.10486662,2,Xylan,3,COMM10<DL,0.407
1196,0.126282224,2,Xylan,3,COMM10<DL,0.407
1197,0.08815681,2,Xylan,3,COMM10<DL,0.407
1198,0.559055763,0,Laminarin Mono,4,COMM10<PJ,0
1199,0.51388556,0,Laminarin Mono,4,COMM10<PJ,0
1200,0.537359785,0,Laminarin Mono,4,COMM10<PJ,0
1201,0.608251982,1,Laminarin Mono,4,COMM10<PJ,0
1202,0.543581872,1,Laminarin Mono,4,COMM10<PJ,0
1203,0.586789587,1,Laminarin Mono,4,COMM10<PJ,0
1204,0.235785496,2,Laminarin Mono,4,COMM10<PJ,0
1205,0.319725998,2,Laminarin Mono,4,COMM10<PJ,0
1206,0.219419506,2,Laminarin Mono,4,COMM10<PJ,0
1207,0.345413118,0,Laminarin Mono,4,COMM10<BT,0
1208,0.387414381,0,Laminarin Mono,4,COMM10<BT,0
1209,0.34474236,0,Laminarin Mono,4,COMM10<BT,0
1210,0.31463708,1,Laminarin Mono,4,COMM10<BT,0
1211,0.387273997,1,Laminarin Mono,4,COMM10<BT,0
1212,0.314076852,1,Laminarin Mono,4,COMM10<BT,0
1213,0.343778556,2,Laminarin Mono,4,COMM10<BT,0
1214,0.379795167,2,Laminarin Mono,4,COMM10<BT,0
1215,0.342339293,2,Laminarin Mono,4,COMM10<BT,0
1216,0.74499587,0,Laminarin Mono,4,COMM10<BV,0
1217,0.36378393,0,Laminarin Mono,4,COMM10<BV,0
1218,0.745400008,0,Laminarin Mono,4,COMM10<BV,0
1219,0.501786187,1,Laminarin Mono,4,COMM10<BV,0
1220,0.306411181,1,Laminarin Mono,4,COMM10<BV,0
1221,0.4950191,1,Laminarin Mono,4,COMM10<BV,0
1222,0.491884061,2,Laminarin Mono,4,COMM10<BV,0
1223,0.391981997,2,Laminarin Mono,4,COMM10<BV,0
1224,0.4890144,2,Laminarin Mono,4,COMM10<BV,0
1225,0.387098983,0,Laminarin Mono,4,COMM10<DP,0
1226,0.403039354,0,Laminarin Mono,4,COMM10<DP,0
1227,0.365924761,0,Laminarin Mono,4,COMM10<DP,0
1228,0.498456909,1,Laminarin Mono,4,COMM10<DP,0
1229,0.409416457,1,Laminarin Mono,4,COMM10<DP,0
1230,0.491528376,1,Laminarin Mono,4,COMM10<DP,0
1231,0.637745317,2,Laminarin Mono,4,COMM10<DP,0
1232,0.509635982,2,Laminarin Mono,4,COMM10<DP,0
1233,0.631046077,2,Laminarin Mono,4,COMM10<DP,0
1234,0.853568829,0,Laminarin Mono,4,COMM10<BP,0
1235,0.56647506,0,Laminarin Mono,4,COMM10<BP,0
1236,0.841766894,0,Laminarin Mono,4,COMM10<BP,0
1237,0.658951934,1,Laminarin Mono,4,COMM10<BP,0
1238,0.367013304,1,Laminarin Mono,4,COMM10<BP,0
1239,0.650746697,1,Laminarin Mono,4,COMM10<BP,0
1240,0.223588966,2,Laminarin Mono,4,COMM10<BP,0
1241,0.352287245,2,Laminarin Mono,4,COMM10<BP,0
1242,0.226282575,2,Laminarin Mono,4,COMM10<BP,0
1243,0.580427587,0,Laminarin Mono,4,COMM10<EL,0
1244,0.401317829,0,Laminarin Mono,4,COMM10<EL,0
1245,0.566289903,0,Laminarin Mono,4,COMM10<EL,0
1246,0.485997625,1,Laminarin Mono,4,COMM10<EL,0
1247,0.369327484,1,Laminarin Mono,4,COMM10<EL,0
1248,0.47533957,1,Laminarin Mono,4,COMM10<EL,0
1249,0.075199456,0,Laminarin Mono,4,COMM10<BH,0
1250,0.459031691,0,Laminarin Mono,4,COMM10<BH,0
1251,0.077591133,0,Laminarin Mono,4,COMM10<BH,0
1252,0.673159788,1,Laminarin Mono,4,COMM10<BH,0
1253,0.477981911,1,Laminarin Mono,4,COMM10<BH,0
1254,0.668097632,1,Laminarin Mono,4,COMM10<BH,0
1255,0.753211056,2,Laminarin Mono,4,COMM10<BH,0
1256,0.455846196,2,Laminarin Mono,4,COMM10<BH,0
1257,0.753224549,2,Laminarin Mono,4,COMM10<BH,0
1258,0.081674229,0,Laminarin Mono,4,COMM10<AC,0
1259,0.414114205,0,Laminarin Mono,4,COMM10<AC,0
1260,0.058162527,0,Laminarin Mono,4,COMM10<AC,0
1261,0.203525421,1,Laminarin Mono,4,COMM10<AC,0
1262,0.330646501,1,Laminarin Mono,4,COMM10<AC,0
1263,0.20459253,1,Laminarin Mono,4,COMM10<AC,0
1264,0.134110704,2,Laminarin Mono,4,COMM10<AC,0
1265,0.534332465,2,Laminarin Mono,4,COMM10<AC,0
1266,0.149685297,2,Laminarin Mono,4,COMM10<AC,0
1267,0.715886515,0,Laminarin Mono,4,COMM10<DL,0
1268,0.324284912,0,Laminarin Mono,4,COMM10<DL,0
1269,0.715600807,0,Laminarin Mono,4,COMM10<DL,0
1270,0.498771215,1,Laminarin Mono,4,COMM10<DL,0
1271,0.130408545,1,Laminarin Mono,4,COMM10<DL,0
1272,0.504315522,1,Laminarin Mono,4,COMM10<DL,0
1273,0.642936134,2,Laminarin Mono,4,COMM10<DL,0
1274,0.434295114,2,Laminarin Mono,4,COMM10<DL,0
1275,0.629408332,2,Laminarin Mono,4,COMM10<DL,0
1276,0.726955512,0,Inulin Mono,4,COMM10<PJ,0.08
1277,0.468292409,0,Inulin Mono,4,COMM10<PJ,0.08
1278,0.402344795,0,Inulin Mono,4,COMM10<PJ,0.08
1279,0.382182168,1,Inulin Mono,4,COMM10<PJ,0.08
1280,0.134719653,1,Inulin Mono,4,COMM10<PJ,0.08
1281,0.120180712,1,Inulin Mono,4,COMM10<PJ,0.08
1282,0.08025043,2,Inulin Mono,4,COMM10<PJ,0.08
1283,0.250429303,2,Inulin Mono,4,COMM10<PJ,0.08
1284,0.3552769,2,Inulin Mono,4,COMM10<PJ,0.08
1285,1.082336242,0,Inulin Mono,4,COMM10<BT,0.08
1286,0.941168131,0,Inulin Mono,4,COMM10<BT,0.08
1287,0.828814804,0,Inulin Mono,4,COMM10<BT,0.08
1288,1.063489266,1,Inulin Mono,4,COMM10<BT,0.08
1289,0.880482878,1,Inulin Mono,4,COMM10<BT,0.08
1290,0.771613293,1,Inulin Mono,4,COMM10<BT,0.08
1291,0.947170446,0,Inulin Mono,4,COMM10<BV,0.08
1292,0.763546763,0,Inulin Mono,4,COMM10<BV,0.08
1293,0.629628996,0,Inulin Mono,4,COMM10<BV,0.08
1294,1.076692451,0,Inulin Mono,4,COMM10<DP,0.08
1295,0.92446435,0,Inulin Mono,4,COMM10<DP,0.08
1296,0.77807954,0,Inulin Mono,4,COMM10<DP,0.08
1297,0.620356713,1,Inulin Mono,4,COMM10<DP,0.08
1298,0.356751115,1,Inulin Mono,4,COMM10<DP,0.08
1299,0.255131554,1,Inulin Mono,4,COMM10<DP,0.08
1300,0.42748379,2,Inulin Mono,4,COMM10<DP,0.08
1301,0.166142786,2,Inulin Mono,4,COMM10<DP,0.08
1302,0.157843831,2,Inulin Mono,4,COMM10<DP,0.08
1303,0.205513289,0,Inulin Mono,4,COMM10<BP,0.08
1304,0.104147045,0,Inulin Mono,4,COMM10<BP,0.08
1305,0.198174888,0,Inulin Mono,4,COMM10<BP,0.08
1306,0.09736371,1,Inulin Mono,4,COMM10<BP,0.08
1307,0.170903966,1,Inulin Mono,4,COMM10<BP,0.08
1308,0.304458983,1,Inulin Mono,4,COMM10<BP,0.08
1309,0.342679249,2,Inulin Mono,4,COMM10<BP,0.08
1310,0.08602188,2,Inulin Mono,4,COMM10<BP,0.08
1311,0.127954876,2,Inulin Mono,4,COMM10<BP,0.08
1312,0.170702297,0,Inulin Mono,4,COMM10<EL,0.08
1313,0.098361166,0,Inulin Mono,4,COMM10<EL,0.08
1314,0.232541607,0,Inulin Mono,4,COMM10<EL,0.08
1315,0.071572553,1,Inulin Mono,4,COMM10<EL,0.08
1316,0.31890556,1,Inulin Mono,4,COMM10<EL,0.08
1317,0.429833447,1,Inulin Mono,4,COMM10<EL,0.08
1318,0.628509612,2,Inulin Mono,4,COMM10<EL,0.08
1319,0.401502665,2,Inulin Mono,4,COMM10<EL,0.08
1320,0.309018044,2,Inulin Mono,4,COMM10<EL,0.08
1321,0.051987737,0,Inulin Mono,4,COMM10<BH,0.08
1322,0.221098459,0,Inulin Mono,4,COMM10<BH,0.08
1323,0.344000282,0,Inulin Mono,4,COMM10<BH,0.08
1324,0.453494215,1,Inulin Mono,4,COMM10<BH,0.08
1325,0.19121382,1,Inulin Mono,4,COMM10<BH,0.08
1326,0.172930839,1,Inulin Mono,4,COMM10<BH,0.08
1327,0.457346836,2,Inulin Mono,4,COMM10<BH,0.08
1328,0.200552666,2,Inulin Mono,4,COMM10<BH,0.08
1329,0.133207128,2,Inulin Mono,4,COMM10<BH,0.08
1330,0.13662019,0,Inulin Mono,4,COMM10<AC,0.08
1331,0.342469899,0,Inulin Mono,4,COMM10<AC,0.08
1332,0.435184403,0,Inulin Mono,4,COMM10<AC,0.08
1333,0.86669938,1,Inulin Mono,4,COMM10<AC,0.08
1334,0.771219428,1,Inulin Mono,4,COMM10<AC,0.08
1335,0.660124021,1,Inulin Mono,4,COMM10<AC,0.08
1336,1.153345371,0,Inulin Mono,4,COMM10<DL,0.08
1337,1.009208261,0,Inulin Mono,4,COMM10<DL,0.08
1338,0.894857742,0,Inulin Mono,4,COMM10<DL,0.08
1339,1.000450294,1,Inulin Mono,4,COMM10<DL,0.08
1340,0.87380161,1,Inulin Mono,4,COMM10<DL,0.08
1341,0.776026076,1,Inulin Mono,4,COMM10<DL,0.08
1342,0.601443251,0,Inulin,4,COMM10<PJ,0.16
1343,0.473982966,0,Inulin,4,COMM10<PJ,0.16
1344,0.367635035,0,Inulin,4,COMM10<PJ,0.16
1345,0.346001159,1,Inulin,4,COMM10<PJ,0.16
1346,0.38208839,1,Inulin,4,COMM10<PJ,0.16
1347,0.25176658,1,Inulin,4,COMM10<PJ,0.16
1348,0.536401134,2,Inulin,4,COMM10<PJ,0.16
1349,0.205283001,2,Inulin,4,COMM10<PJ,0.16
1350,0.090053466,2,Inulin,4,COMM10<PJ,0.16
1351,0.496477403,0,Inulin,4,COMM10<BT,0.16
1352,0.22800575,0,Inulin,4,COMM10<BT,0.16
1353,0.114268002,0,Inulin,4,COMM10<BT,0.16
1354,0.520742814,1,Inulin,4,COMM10<BT,0.16
1355,0.211592521,1,Inulin,4,COMM10<BT,0.16
1356,0.078477108,1,Inulin,4,COMM10<BT,0.16
1357,0.645468542,2,Inulin,4,COMM10<BT,0.16
1358,0.115824253,2,Inulin,4,COMM10<BT,0.16
1359,0.109087836,2,Inulin,4,COMM10<BT,0.16
1360,0.47953114,0,Inulin,4,COMM10<BV,0.16
1361,0.372367563,0,Inulin,4,COMM10<BV,0.16
1362,0.253276671,0,Inulin,4,COMM10<BV,0.16
1363,0.397483921,1,Inulin,4,COMM10<BV,0.16
1364,0.385523517,1,Inulin,4,COMM10<BV,0.16
1365,0.254276609,1,Inulin,4,COMM10<BV,0.16
1366,0.35953859,0,Inulin,4,COMM10<DP,0.16
1367,0.391284019,0,Inulin,4,COMM10<DP,0.16
1368,0.245655231,0,Inulin,4,COMM10<DP,0.16
1369,0.483617785,1,Inulin,4,COMM10<DP,0.16
1370,0.412735957,1,Inulin,4,COMM10<DP,0.16
1371,0.285276296,1,Inulin,4,COMM10<DP,0.16
1372,0.501061074,2,Inulin,4,COMM10<DP,0.16
1373,0.412288483,2,Inulin,4,COMM10<DP,0.16
1374,0.284634788,2,Inulin,4,COMM10<DP,0.16
1375,0.518568003,0,Inulin,4,COMM10<BP,0.16
1376,0.158040323,0,Inulin,4,COMM10<BP,0.16
1377,0.082214299,0,Inulin,4,COMM10<BP,0.16
1378,0.569140749,1,Inulin,4,COMM10<BP,0.16
1379,0.154844223,1,Inulin,4,COMM10<BP,0.16
1380,0.039601024,1,Inulin,4,COMM10<BP,0.16
1381,0.52875233,2,Inulin,4,COMM10<BP,0.16
1382,0.17259428,2,Inulin,4,COMM10<BP,0.16
1383,0.051340262,2,Inulin,4,COMM10<BP,0.16
1384,0.531851275,0,Inulin,4,COMM10<EL,0.16
1385,0.180205267,0,Inulin,4,COMM10<EL,0.16
1386,0.081259164,0,Inulin,4,COMM10<EL,0.16
1387,0.329165083,1,Inulin,4,COMM10<EL,0.16
1388,0.435780062,1,Inulin,4,COMM10<EL,0.16
1389,0.293947096,1,Inulin,4,COMM10<EL,0.16
1390,0.162530559,2,Inulin,4,COMM10<EL,0.16
1391,0.617089614,2,Inulin,4,COMM10<EL,0.16
1392,0.485743881,2,Inulin,4,COMM10<EL,0.16
1393,0.546786155,0,Inulin,4,COMM10<BH,0.16
1394,0.330863514,0,Inulin,4,COMM10<BH,0.16
1395,0.211517278,0,Inulin,4,COMM10<BH,0.16
1396,0.431808789,1,Inulin,4,COMM10<BH,0.16
1397,0.378401296,1,Inulin,4,COMM10<BH,0.16
1398,0.236982413,1,Inulin,4,COMM10<BH,0.16
1399,0.468864453,2,Inulin,4,COMM10<BH,0.16
1400,0.328130984,2,Inulin,4,COMM10<BH,0.16
1401,0.18720277,2,Inulin,4,COMM10<BH,0.16
1402,0.714699471,0,Inulin,4,COMM10<AC,0.16
1403,0.437923694,0,Inulin,4,COMM10<AC,0.16
1404,0.350245614,0,Inulin,4,COMM10<AC,0.16
1405,0.360909539,1,Inulin,4,COMM10<AC,0.16
1406,0.363673608,1,Inulin,4,COMM10<AC,0.16
1407,0.230680173,1,Inulin,4,COMM10<AC,0.16
1408,0.675778503,0,Inulin,4,COMM10<DL,0.16
1409,0.197396765,0,Inulin,4,COMM10<DL,0.16
1410,0.172604361,0,Inulin,4,COMM10<DL,0.16
1411,0.324867679,1,Inulin,4,COMM10<DL,0.16
1412,0.35548364,1,Inulin,4,COMM10<DL,0.16
1413,0.227384384,1,Inulin,4,COMM10<DL,0.16
1414,0.61167226,2,Inulin,4,COMM10<DL,0.16
1415,0.114244022,2,Inulin,4,COMM10<DL,0.16
1416,0.112987027,2,Inulin,4,COMM10<DL,0.16
1417,0.190498455,0,Xylan Mono,4,COMM10<PJ,0.203
1418,0.219857659,0,Xylan Mono,4,COMM10<PJ,0.203
1419,0.221055183,0,Xylan Mono,4,COMM10<PJ,0.203
1420,0.167141784,1,Xylan Mono,4,COMM10<PJ,0.203
1421,0.194360768,1,Xylan Mono,4,COMM10<PJ,0.203
1422,0.195835929,1,Xylan Mono,4,COMM10<PJ,0.203
1423,0.156660581,2,Xylan Mono,4,COMM10<PJ,0.203
1424,0.189133177,2,Xylan Mono,4,COMM10<PJ,0.203
1425,0.191007409,2,Xylan Mono,4,COMM10<PJ,0.203
1426,0.107399174,0,Xylan Mono,4,COMM10<BT,0.203
1427,0.128357662,0,Xylan Mono,4,COMM10<BT,0.203
1428,0.129761659,0,Xylan Mono,4,COMM10<BT,0.203
1429,0.08559773,1,Xylan Mono,4,COMM10<BT,0.203
1430,0.062373776,1,Xylan Mono,4,COMM10<BT,0.203
1431,0.065139847,1,Xylan Mono,4,COMM10<BT,0.203
1432,0.079224718,2,Xylan Mono,4,COMM10<BT,0.203
1433,0.048972336,2,Xylan Mono,4,COMM10<BT,0.203
1434,0.051782631,2,Xylan Mono,4,COMM10<BT,0.203
1435,0.125731525,0,Xylan Mono,4,COMM10<BV,0.203
1436,0.164500253,0,Xylan Mono,4,COMM10<BV,0.203
1437,0.165296941,0,Xylan Mono,4,COMM10<BV,0.203
1438,0.110884931,1,Xylan Mono,4,COMM10<BV,0.203
1439,0.155061026,1,Xylan Mono,4,COMM10<BV,0.203
1440,0.155329428,1,Xylan Mono,4,COMM10<BV,0.203
1441,0.088027535,2,Xylan Mono,4,COMM10<BV,0.203
1442,0.12494453,2,Xylan Mono,4,COMM10<BV,0.203
1443,0.125577076,2,Xylan Mono,4,COMM10<BV,0.203
1444,0.138263819,0,Xylan Mono,4,COMM10<DP,0.203
1445,0.168365393,0,Xylan Mono,4,COMM10<DP,0.203
1446,0.170562177,0,Xylan Mono,4,COMM10<DP,0.203
1447,0.127826002,1,Xylan Mono,4,COMM10<DP,0.203
1448,0.152262877,1,Xylan Mono,4,COMM10<DP,0.203
1449,0.154830882,1,Xylan Mono,4,COMM10<DP,0.203
1450,0.12144611,2,Xylan Mono,4,COMM10<DP,0.203
1451,0.139122409,2,Xylan Mono,4,COMM10<DP,0.203
1452,0.141581711,2,Xylan Mono,4,COMM10<DP,0.203
1453,0.099024383,0,Xylan Mono,4,COMM10<BP,0.203
1454,0.037787892,0,Xylan Mono,4,COMM10<BP,0.203
1455,0.041364201,0,Xylan Mono,4,COMM10<BP,0.203
1456,0.087833267,1,Xylan Mono,4,COMM10<BP,0.203
1457,0.032009827,1,Xylan Mono,4,COMM10<BP,0.203
1458,0.034771327,1,Xylan Mono,4,COMM10<BP,0.203
1459,0.075135364,2,Xylan Mono,4,COMM10<BP,0.203
1460,0.032504112,2,Xylan Mono,4,COMM10<BP,0.203
1461,0.036965833,2,Xylan Mono,4,COMM10<BP,0.203
1462,0.090544044,0,Xylan Mono,4,COMM10<EL,0.203
1463,0.030366689,0,Xylan Mono,4,COMM10<EL,0.203
1464,0.032839098,0,Xylan Mono,4,COMM10<EL,0.203
1465,0.076980699,1,Xylan Mono,4,COMM10<EL,0.203
1466,0.016081375,1,Xylan Mono,4,COMM10<EL,0.203
1467,0.020233803,1,Xylan Mono,4,COMM10<EL,0.203
1468,0.082206931,2,Xylan Mono,4,COMM10<EL,0.203
1469,0.023413982,2,Xylan Mono,4,COMM10<EL,0.203
1470,0.026533018,2,Xylan Mono,4,COMM10<EL,0.203
1471,0.081749906,0,Xylan Mono,4,COMM10<BH,0.203
1472,0.042321246,0,Xylan Mono,4,COMM10<BH,0.203
1473,0.046609741,0,Xylan Mono,4,COMM10<BH,0.203
1474,0.077938432,1,Xylan Mono,4,COMM10<BH,0.203
1475,0.049448247,1,Xylan Mono,4,COMM10<BH,0.203
1476,0.05283093,1,Xylan Mono,4,COMM10<BH,0.203
1477,0.064913643,2,Xylan Mono,4,COMM10<BH,0.203
1478,0.045976598,2,Xylan Mono,4,COMM10<BH,0.203
1479,0.049034618,2,Xylan Mono,4,COMM10<BH,0.203
1480,0.15966204,0,Xylan Mono,4,COMM10<AC,0.203
1481,0.217385578,0,Xylan Mono,4,COMM10<AC,0.203
1482,0.216164555,0,Xylan Mono,4,COMM10<AC,0.203
1483,0.172096233,1,Xylan Mono,4,COMM10<AC,0.203
1484,0.221836616,1,Xylan Mono,4,COMM10<AC,0.203
1485,0.221269605,1,Xylan Mono,4,COMM10<AC,0.203
1486,0.110722521,2,Xylan Mono,4,COMM10<AC,0.203
1487,0.162713704,2,Xylan Mono,4,COMM10<AC,0.203
1488,0.162255658,2,Xylan Mono,4,COMM10<AC,0.203
1489,0.065503579,0,Xylan Mono,4,COMM10<DL,0.203
1490,0.088481899,0,Xylan Mono,4,COMM10<DL,0.203
1491,0.088682761,0,Xylan Mono,4,COMM10<DL,0.203
1492,0.025090602,1,Xylan Mono,4,COMM10<DL,0.203
1493,0.062434175,1,Xylan Mono,4,COMM10<DL,0.203
1494,0.06110891,1,Xylan Mono,4,COMM10<DL,0.203
1495,0.010190125,2,Xylan Mono,4,COMM10<DL,0.203
1496,0.059752094,2,Xylan Mono,4,COMM10<DL,0.203
1497,0.05712681,2,Xylan Mono,4,COMM10<DL,0.203
1498,0.085455928,0,Laminarin,4,COMM10<PJ,0.226
1499,0.13392022,0,Laminarin,4,COMM10<PJ,0.226
1500,0.121527902,0,Laminarin,4,COMM10<PJ,0.226
1501,0.047179506,1,Laminarin,4,COMM10<PJ,0.226
1502,0.091274167,1,Laminarin,4,COMM10<PJ,0.226
1503,0.082249649,1,Laminarin,4,COMM10<PJ,0.226
1504,0.032897902,2,Laminarin,4,COMM10<PJ,0.226
1505,0.075315061,2,Laminarin,4,COMM10<PJ,0.226
1506,0.066393449,2,Laminarin,4,COMM10<PJ,0.226
1507,0.038569664,0,Laminarin,4,COMM10<BT,0.226
1508,0.025202656,0,Laminarin,4,COMM10<BT,0.226
1509,0.036656506,0,Laminarin,4,COMM10<BT,0.226
1510,0.009105533,1,Laminarin,4,COMM10<BT,0.226
1511,0.0554551,1,Laminarin,4,COMM10<BT,0.226
1512,0.028125639,1,Laminarin,4,COMM10<BT,0.226
1513,0.06751449,2,Laminarin,4,COMM10<BT,0.226
1514,0.02100371,2,Laminarin,4,COMM10<BT,0.226
1515,0.040503643,2,Laminarin,4,COMM10<BT,0.226
1516,0.034353212,0,Laminarin,4,COMM10<BV,0.226
1517,0.030706565,0,Laminarin,4,COMM10<BV,0.226
1518,0.032420247,0,Laminarin,4,COMM10<BV,0.226
1519,0.086369231,1,Laminarin,4,COMM10<BV,0.226
1520,0.028323024,1,Laminarin,4,COMM10<BV,0.226
1521,0.066063148,1,Laminarin,4,COMM10<BV,0.226
1522,0.015536826,2,Laminarin,4,COMM10<BV,0.226
1523,0.044633172,2,Laminarin,4,COMM10<BV,0.226
1524,0.027730488,2,Laminarin,4,COMM10<BV,0.226
1525,0.040954756,0,Laminarin,4,COMM10<DP,0.226
1526,0.039892403,0,Laminarin,4,COMM10<DP,0.226
1527,0.053140927,0,Laminarin,4,COMM10<DP,0.226
1528,0.030640644,1,Laminarin,4,COMM10<DP,0.226
1529,0.080229836,1,Laminarin,4,COMM10<DP,0.226
1530,0.065722116,1,Laminarin,4,COMM10<DP,0.226
1531,0.094738306,2,Laminarin,4,COMM10<DP,0.226
1532,0.037833814,2,Laminarin,4,COMM10<DP,0.226
1533,0.079868088,2,Laminarin,4,COMM10<DP,0.226
1534,0.036841603,0,Laminarin,4,COMM10<BP,0.226
1535,0.044128399,0,Laminarin,4,COMM10<BP,0.226
1536,0.005454882,0,Laminarin,4,COMM10<BP,0.226
1537,0.044536152,1,Laminarin,4,COMM10<BP,0.226
1538,0.036017957,1,Laminarin,4,COMM10<BP,0.226
1539,0.012719408,1,Laminarin,4,COMM10<BP,0.226
1540,0.0491833,2,Laminarin,4,COMM10<BP,0.226
1541,0.074338717,2,Laminarin,4,COMM10<BP,0.226
1542,0.031717759,2,Laminarin,4,COMM10<BP,0.226
1543,0.045809999,0,Laminarin,4,COMM10<EL,0.226
1544,0.05895038,0,Laminarin,4,COMM10<EL,0.226
1545,0.020017439,0,Laminarin,4,COMM10<EL,0.226
1546,0.112644059,1,Laminarin,4,COMM10<EL,0.226
1547,0.162183062,1,Laminarin,4,COMM10<EL,0.226
1548,0.119961358,1,Laminarin,4,COMM10<EL,0.226
1549,0.183795379,2,Laminarin,4,COMM10<EL,0.226
1550,0.237260979,2,Laminarin,4,COMM10<EL,0.226
1551,0.195639754,2,Laminarin,4,COMM10<EL,0.226
1552,0.028531213,0,Laminarin,4,COMM10<BH,0.226
1553,0.086436907,0,Laminarin,4,COMM10<BH,0.226
1554,0.063713205,0,Laminarin,4,COMM10<BH,0.226
1555,0.072096346,1,Laminarin,4,COMM10<BH,0.226
1556,0.131639915,1,Laminarin,4,COMM10<BH,0.226
1557,0.102476706,1,Laminarin,4,COMM10<BH,0.226
1558,0.027440782,2,Laminarin,4,COMM10<BH,0.226
1559,0.087222052,2,Laminarin,4,COMM10<BH,0.226
1560,0.057977683,2,Laminarin,4,COMM10<BH,0.226
1561,0.030935066,0,Laminarin,4,COMM10<AC,0.226
1562,0.086386474,0,Laminarin,4,COMM10<AC,0.226
1563,0.050918088,0,Laminarin,4,COMM10<AC,0.226
1564,0.013412864,1,Laminarin,4,COMM10<AC,0.226
1565,0.0513873,1,Laminarin,4,COMM10<AC,0.226
1566,0.02667398,1,Laminarin,4,COMM10<AC,0.226
1567,0.03293877,2,Laminarin,4,COMM10<AC,0.226
1568,0.035487054,2,Laminarin,4,COMM10<AC,0.226
1569,0.016356985,2,Laminarin,4,COMM10<AC,0.226
1570,0.013240802,0,Laminarin,4,COMM10<DL,0.226
1571,0.053118935,0,Laminarin,4,COMM10<DL,0.226
1572,0.028541122,0,Laminarin,4,COMM10<DL,0.226
1573,0.018396739,1,Laminarin,4,COMM10<DL,0.226
1574,0.07532561,1,Laminarin,4,COMM10<DL,0.226
1575,0.05422398,1,Laminarin,4,COMM10<DL,0.226
1576,0.016217281,2,Laminarin,4,COMM10<DL,0.226
1577,0.046229674,2,Laminarin,4,COMM10<DL,0.226
1578,0.022104241,2,Laminarin,4,COMM10<DL,0.226
1579,0.081327368,0,Xylan,4,COMM10<PJ,0.407
1580,0.059196538,0,Xylan,4,COMM10<PJ,0.407
1581,0.165931351,0,Xylan,4,COMM10<PJ,0.407
1582,0.096919463,1,Xylan,4,COMM10<PJ,0.407
1583,0.036724144,1,Xylan,4,COMM10<PJ,0.407
1584,0.102650961,1,Xylan,4,COMM10<PJ,0.407
1585,0.173100704,2,Xylan,4,COMM10<PJ,0.407
1586,0.124044628,2,Xylan,4,COMM10<PJ,0.407
1587,0.052706491,2,Xylan,4,COMM10<PJ,0.407
1588,0.101277071,0,Xylan,4,COMM10<BT,0.407
1589,0.074863519,0,Xylan,4,COMM10<BT,0.407
1590,0.119804231,0,Xylan,4,COMM10<BT,0.407
1591,0.114767943,1,Xylan,4,COMM10<BT,0.407
1592,0.058094425,1,Xylan,4,COMM10<BT,0.407
1593,0.071637008,1,Xylan,4,COMM10<BT,0.407
1594,0.158620862,2,Xylan,4,COMM10<BT,0.407
1595,0.104891065,2,Xylan,4,COMM10<BT,0.407
1596,0.064639019,2,Xylan,4,COMM10<BT,0.407
1597,0.181155251,0,Xylan,4,COMM10<BV,0.407
1598,0.147361742,0,Xylan,4,COMM10<BV,0.407
1599,0.129387064,0,Xylan,4,COMM10<BV,0.407
1600,0.36915044,1,Xylan,4,COMM10<BV,0.407
1601,0.408408342,1,Xylan,4,COMM10<BV,0.407
1602,0.497998999,1,Xylan,4,COMM10<BV,0.407
1603,0.119075588,2,Xylan,4,COMM10<BV,0.407
1604,0.105195307,2,Xylan,4,COMM10<BV,0.407
1605,0.165249043,2,Xylan,4,COMM10<BV,0.407
1606,0.140305138,0,Xylan,4,COMM10<DP,0.407
1607,0.121786984,0,Xylan,4,COMM10<DP,0.407
1608,0.169536531,0,Xylan,4,COMM10<DP,0.407
1609,0.169642068,1,Xylan,4,COMM10<DP,0.407
1610,0.14103491,1,Xylan,4,COMM10<DP,0.407
1611,0.157347384,1,Xylan,4,COMM10<DP,0.407
1612,0.05689279,2,Xylan,4,COMM10<DP,0.407
1613,0.032337728,2,Xylan,4,COMM10<DP,0.407
1614,0.144966386,2,Xylan,4,COMM10<DP,0.407
1615,0.069209022,0,Xylan,4,COMM10<BP,0.407
1616,0.044805666,0,Xylan,4,COMM10<BP,0.407
1617,0.122115246,0,Xylan,4,COMM10<BP,0.407
1618,0.145434497,1,Xylan,4,COMM10<BP,0.407
1619,0.086536945,1,Xylan,4,COMM10<BP,0.407
1620,0.038559908,1,Xylan,4,COMM10<BP,0.407
1621,0.057356695,2,Xylan,4,COMM10<BP,0.407
1622,0.06918484,2,Xylan,4,COMM10<BP,0.407
1623,0.174831867,2,Xylan,4,COMM10<BP,0.407
1624,0.109547613,0,Xylan,4,COMM10<EL,0.407
1625,0.126628325,0,Xylan,4,COMM10<EL,0.407
1626,0.227935082,0,Xylan,4,COMM10<EL,0.407
1627,0.097816918,1,Xylan,4,COMM10<EL,0.407
1628,0.033460854,1,Xylan,4,COMM10<EL,0.407
1629,0.101666012,1,Xylan,4,COMM10<EL,0.407
1630,0.065578241,2,Xylan,4,COMM10<EL,0.407
1631,0.035210685,2,Xylan,4,COMM10<EL,0.407
1632,0.137862552,2,Xylan,4,COMM10<EL,0.407
1633,0.195797113,0,Xylan,4,COMM10<BH,0.407
1634,0.166204029,0,Xylan,4,COMM10<BH,0.407
1635,0.176821603,0,Xylan,4,COMM10<BH,0.407
1636,0.060790749,1,Xylan,4,COMM10<BH,0.407
1637,0.044218938,1,Xylan,4,COMM10<BH,0.407
1638,0.155785242,1,Xylan,4,COMM10<BH,0.407
1639,0.147222192,2,Xylan,4,COMM10<BH,0.407
1640,0.119111499,2,Xylan,4,COMM10<BH,0.407
1641,0.155309233,2,Xylan,4,COMM10<BH,0.407
1642,0.097337415,0,Xylan,4,COMM10<AC,0.407
1643,0.074543269,0,Xylan,4,COMM10<AC,0.407
1644,0.136259571,0,Xylan,4,COMM10<AC,0.407
1645,0.098227544,1,Xylan,4,COMM10<AC,0.407
1646,0.067803585,1,Xylan,4,COMM10<AC,0.407
1647,0.098945612,1,Xylan,4,COMM10<AC,0.407
1648,0.139736265,2,Xylan,4,COMM10<AC,0.407
1649,0.087785688,2,Xylan,4,COMM10<AC,0.407
1650,0.101305843,2,Xylan,4,COMM10<AC,0.407
1651,0.082167741,0,Xylan,4,COMM10<DL,0.407
1652,0.030420238,0,Xylan,4,COMM10<DL,0.407
1653,0.120414846,0,Xylan,4,COMM10<DL,0.407
1654,0.110673826,1,Xylan,4,COMM10<DL,0.407
1655,0.057182616,1,Xylan,4,COMM10<DL,0.407
1656,0.10568837,1,Xylan,4,COMM10<DL,0.407
1657,0.105729844,2,Xylan,4,COMM10<DL,0.407
1658,0.042114844,2,Xylan,4,COMM10<DL,0.407
1659,0.099482695,2,Xylan,4,COMM10<DL,0.407
